kidid,fname,lname,dadid,momid,birth_day,birth_month,birth_year,birthloc,birthloc_id,source
10001,Franklin,Edwards,,,28,3,1760,Glassell,101,Births
10002,Nell,Kim,,,16,1,1757,Boyle,136,Births
10011,Tristram,Hernandez,,,2,8,1752,Chatsworth,102,Births
10012,Marina,Kennedy,,,5,3,1753,Reynier,138,Births
10021,Bradford,Fisher,,,4,2,1744,Westwood,103,Births
10022,Cynthia,Vasquez,,,28,11,1743,Larchmont,145,Births
10031,Oliver,Peterson,,,7,2,1717,Watts,104,Births
10032,Antonia,Porter,,,14,8,1714,Brookside,139,Births
10041,Morgan,Lee,,,15,10,1773,Edendale,105,Births
10042,Adeline,Woods,,,24,11,1773,Cahuenga,129,Births
10051,Roscoe,Fisher,,,20,1,1796,Northridge,106,Births
10052,Tamara,Wilson,,,18,9,1795,Reseda,124,Births
10061,Merlin,Miller,,,2,7,1732,Arleta,107,Births
10062,Katherine,Foster,,,26,9,1734,Windsor,147,Births
10071,Benedict,Gonzalez,,,20,9,1786,Pacific,108,Births
10072,Gloria,Harrison,,,18,9,1785,Highland,134,Births
10081,Kenneth,Warren,,,12,5,1736,Spaulding,109,Births
10082,Annabel,Lee,,,20,6,1732,Brentwood,155,Births
10091,Roderic,Jackson,,,4,6,1709,Chatsworth,102,Births
10092,Stacy,Schmidt,,,25,9,1708,Jefferson,156,Births
10101,Adrian,Coleman,,,28,1,1719,Melrose,110,Births
10102,Sibyl,Harrison,,,27,10,1722,Windsor,147,Births
10111,Luther,Gonzalez,,,9,2,1706,Sunset,111,Births
10112,Cornelia,Russell,,,27,1,1710,Griffith,142,Births
10121,Lionel,Holmes,,,7,10,1769,Atwater,112,Births
10122,Felicia,Gonzales,,,15,10,1767,Northridge,106,Births
10131,Tristram,Clark,,,18,9,1722,West,113,Births
10132,Cornelia,Lopez,,,29,7,1717,Toluca,118,Births
10141,Emery,Wood,,,1,10,1766,Palms,114,Births
10142,Dorothy,Wallace,,,15,6,1767,Arlington,121,Births
10151,Basil,Brown,,,1,7,1730,Sawtelle,115,Births
10152,Leona,Boyd,,,15,1,1734,Toluca,118,Births
10161,Carol,Hamilton,,,16,1,1776,Melrose,110,Births
10162,Charlotte,Miller,,,15,3,1780,Valley,157,Births
10171,Adrian,Butler,,,19,8,1784,Chesterfield,116,Births
10172,Muriel,Ward,,,12,1,1786,Reseda,124,Births
10181,Garrett,Phillips,,,13,6,1722,Westlake,117,Births
10182,Katherine,Ross,,,7,6,1724,Brentwood,155,Births
10191,Dominic,Mendoza,,,3,1,1782,Pacific,108,Births
10192,Shauna,Wright,,,3,11,1779,Broadway,131,Births
10201,Craig,Nguyen,,,29,6,1735,Toluca,118,Births
10202,Victoria,Russell,,,13,6,1736,Encino,146,Births
10211,Alonso,Kelly,,,11,1,1729,Lincoln,119,Births
10212,Mona,Thomas,,,11,1,1731,Canoga,122,Births
10221,Karl,Peterson,,,7,6,1735,Monterey,120,Births
10222,Roxanne,West,,,24,5,1731,Mandeville,154,Births
10231,Benedict,Stevens,,,4,1,1739,Arlington,121,Births
10232,Matilda,Garcia,,,24,9,1740,Carthay,158,Births
10241,Percival,Ortiz,,,23,7,1743,Edendale,105,Births
10242,Molly,Jordan,,,22,11,1743,Windsor,147,Births
10251,Ford,Powell,,,20,1,1797,Canoga,122,Births
10252,Anna,Fox,,,28,9,1798,Larchmont,145,Births
10261,Victor,Robertson,,,23,1,1769,Watts,104,Births
10262,Emma,Scott,,,14,5,1771,Lafayette,151,Births
10271,Ron,Black,,,28,4,1794,Sylmar,123,Births
10272,Shirley,Hill,,,19,3,1797,Brentwood,155,Births
10281,Bernard,Porter,,,26,2,1770,Lincoln,119,Births
10282,Eveline,Ford,,,10,2,1769,Winnetka,153,Births
10291,Wilson,Reynolds,,,21,9,1734,Reseda,124,Births
10292,Harriet,Burns,,,14,9,1730,Westside,159,Births
10301,Morgan,Snyder,,,16,1,1757,Marina,125,Births
10302,Darlene,Ellis,,,16,11,1761,Monterey,120,Births
10311,Malcolm,Castillo,,,9,3,1740,Faircrest,126,Births
10312,Eunice,Carter,,,8,2,1738,Brookside,139,Births
10321,Sean,Jenkins,,,4,3,1726,Fairfax,127,Births
10322,Sonia,Torres,,,6,10,1724,Palms,114,Births
10331,Quincy,Walker,,,11,11,1706,Tarzana,128,Births
10332,Eloise,Cook,,,2,9,1709,Windsor,147,Births
10341,Tracy,Porter,,,14,10,1713,Melrose,110,Births
10342,Frances,Holmes,,,11,6,1708,Cahuenga,129,Births
10351,Eugene,Long,,,14,9,1773,Glassell,101,Births
10352,Ruth,Smith,,,10,2,1773,Panorama,143,Births
10361,Shannon,Brooks,,,6,4,1775,Chesterfield,116,Births
10362,Abigail,Collins,,,2,6,1776,Westchester,150,Births
10371,Kelly,Nguyen,,,1,4,1771,Pacific,108,Births
10372,Ellen,Clark,,,22,6,1767,Highland,134,Births
10381,Harvey,Kelly,,,12,11,1724,Faircrest,126,Births
10382,Roberta,Clark,,,17,7,1721,Atwater,112,Births
10391,Kelly,Sullivan,,,9,11,1778,Cahuenga,129,Births
10392,Aurora,Griffin,,,11,9,1782,Arlington,121,Births
10401,Lincoln,Henderson,,,22,4,1730,Tujunga,130,Births
10402,Ernestine,Moreno,,,23,1,1725,Sunland,160,Births
10411,Corey,Murray,,,9,8,1729,Reseda,124,Births
10412,Melinda,Simpson,,,3,11,1728,Florence,161,Births
10421,Brenton,Thompson,,,8,9,1780,Watts,104,Births
10422,Emily,Vasquez,,,23,8,1775,Watts,104,Births
10431,Julian,Turner,,,15,9,1767,Broadway,131,Births
10432,Peggy,Hall,,,28,9,1763,Westchester,150,Births
10441,Dominic,Gonzales,,,19,8,1743,Crenshaw,132,Births
10442,Virginia,Romero,,,19,5,1739,Pacoima,140,Births
10451,Leslie,Stone,,,25,3,1731,Arleta,107,Births
10452,Dell,Ford,,,26,1,1735,Reynier,138,Births
10461,Joshua,Perry,,,7,3,1774,Westwood,103,Births
10462,Michelle,Hughes,,,15,1,1777,Marina,125,Births
10471,Montague,Collins,,,6,1,1781,Benedict,133,Births
10472,Martha,Burns,,,14,4,1783,Laurel,162,Births
10481,Peter,Graham,,,19,9,1737,Broadway,131,Births
10482,Dolores,Hughes,,,8,3,1737,Garvanza,163,Births
10491,Bartholomew,Hughes,,,7,1,1796,Lincoln,119,Births
10492,Roxanne,Butler,,,6,5,1797,Cahuenga,129,Births
10501,Brady,Griffin,,,13,5,1712,Highland,134,Births
10502,April,Powell,,,18,9,1709,Arleta,107,Births
10511,Peter,Johnson,,,25,10,1730,Whitley,135,Births
10512,Jill,Fisher,,,11,3,1729,Jefferson,156,Births
10521,Silas,Schmidt,,,14,6,1792,Monterey,120,Births
10522,Octavia,Morgan,,,19,2,1794,Mandeville,154,Births
10531,Bernard,Kelly,,,8,1,1746,Sawtelle,115,Births
10532,Phoebe,Kennedy,,,5,9,1749,Laurel,162,Births
10541,Zachary,Russell,,,14,5,1758,Palms,114,Births
10542,Viola,Collins,,,9,3,1761,Fairfax,127,Births
10551,Seymour,Gutierrez,,,5,2,1747,Boyle,136,Births
10552,Joanna,Jenkins,,,10,9,1744,Westdale,149,Births
10561,Elton,Howard,,,22,3,1745,Arleta,107,Births
10562,Hope,Diaz,,,26,4,1749,Westwood,103,Births
10571,Elton,Perez,,,2,6,1721,Montecito,137,Births
10572,Ellen,Cook,,,12,9,1721,Jefferson,156,Births
10581,Ignatius,Miller,,,7,6,1720,Monterey,120,Births
10582,Lily,Walker,,,26,11,1718,Palms,114,Births
10591,Doyle,James,,,1,7,1706,Westlake,117,Births
10592,Christine,Baker,,,23,7,1703,Griffith,142,Births
10601,Randolph,Patel,,,28,7,1780,Reynier,138,Births
10602,Frederica,Burns,,,12,5,1783,Faircrest,126,Births
10611,Gerald,West,,,10,9,1789,Brookside,139,Births
10612,Molly,Harrison,,,22,11,1792,Baldwin,164,Births
10621,Nelson,Harris,,,25,2,1744,Lincoln,119,Births
10622,Hillary,Kim,,,20,4,1741,Pacific,108,Births
10631,Sidney,Jones,,,14,5,1754,Brookside,139,Births
10632,Adeline,Young,,,13,10,1751,Fairfax,127,Births
10641,Byron,Perez,,,20,9,1775,Pacoima,140,Births
10642,Tanya,Marshall,,,27,8,1772,Pacoima,140,Births
10651,Kevin,Reyes,,,24,1,1730,Beverly,141,Births
10652,Alfreda,Campbell,,,24,2,1726,Arleta,107,Births
10661,Roman,Bailey,,,18,6,1757,Griffith,142,Births
10662,Marietta,Sanders,,,14,3,1758,Winnetka,153,Births
10671,Byron,Bailey,,,15,2,1700,Panorama,143,Births
10672,Rosaline,Wood,,,12,3,1698,Beachwood,165,Births
10681,Laurence,Gonzales,,,8,10,1703,Granada,144,Births
10682,Nora,Cruz,,,10,3,1700,Glassell,101,Births
10691,Orville,Snyder,,,27,7,1758,Melrose,110,Births
10692,Octavia,Williams,,,3,6,1753,Palms,114,Births
10701,Leslie,Kennedy,,,17,5,1715,Beverly,141,Births
10702,Charity,Morgan,,,8,6,1713,Boyle,136,Births
10711,Kenneth,Rivera,,,25,1,1730,Larchmont,145,Births
10712,Lucille,Simmons,,,14,7,1725,Cahuenga,129,Births
10721,Kenneth,Russell,,,9,3,1757,Panorama,143,Births
10722,Nadine,Meyer,,,1,6,1757,Carthay,158,Births
10731,Everett,Henry,,,30,10,1777,Encino,146,Births
10732,Sharon,Turner,,,8,2,1776,Hollywood,166,Births
10741,Stephen,Foster,,,1,1,1703,Windsor,147,Births
10742,Minnie,Peterson,,,23,2,1707,Boyle,136,Births
10751,Luther,Harrison,,,11,11,1778,Beverlywood,148,Births
10752,Rosabel,Patterson,,,15,2,1780,Jefferson,156,Births
10761,Jacob,Kelly,,,1,5,1768,Pacoima,140,Births
10762,Agnes,Rogers,,,24,7,1772,Brookside,139,Births
10771,Joseph,James,,,29,10,1780,Westdale,149,Births
10772,Clemency,Gutierrez,,,8,9,1780,Garvanza,163,Births
10781,John,Reyes,,,18,11,1761,Encino,146,Births
10782,Josephine,Taylor,,,22,5,1759,Palms,114,Births
10791,Vernon,Garcia,,,22,11,1733,Highland,134,Births
10792,Dominique,Castillo,,,4,2,1728,Florence,161,Births
10801,Clement,Smith,,,20,4,1759,Westchester,150,Births
10802,Doreen,Martinez,,,3,8,1756,Whitley,135,Births
10811,Leopold,Barnes,,,26,7,1720,Crenshaw,132,Births
10812,Arlene,Meyer,,,1,1,1718,Brentwood,155,Births
10821,Morgan,Harrison,,,16,6,1731,Lafayette,151,Births
10822,Pansy,Rose,,,26,4,1726,Florence,161,Births
10831,Everard,Carter,,,17,10,1796,Westchester,150,Births
10832,Camille,Davis,,,14,2,1799,Lafayette,151,Births
10841,Lynn,Gray,,,14,11,1776,Lincoln,119,Births
10842,Morgan,Taylor,,,18,7,1780,Laurel,162,Births
10851,Tobias,Cook,,,10,5,1779,Pacific,108,Births
10852,Roseanna,Woods,,,6,4,1776,Melrose,110,Births
10861,Vernon,Burns,,,3,4,1752,Lafayette,151,Births
10862,Susan,Ramirez,,,4,4,1754,Winnetka,153,Births
10871,Merlin,Chavez,,,10,2,1783,Leimert,152,Births
10872,April,Thompson,,,12,2,1781,Crenshaw,132,Births
10881,Casey,Butler,,,19,11,1722,Tujunga,130,Births
10882,Melanie,Richardson,,,14,9,1719,Westchester,150,Births
10891,Albert,Gonzalez,,,18,1,1736,Winnetka,153,Births
10892,Sharon,Wagner,,,21,11,1739,Canoga,122,Births
10901,Herbert,Johnson,,,25,5,1745,Lafayette,151,Births
10902,Iris,Cook,,,6,1,1746,Cypress,167,Births
10911,Wiley,Ford,,,8,8,1716,Palms,114,Births
10912,Mary,Fox,,,6,7,1712,Larchmont,145,Births
10921,Archibald,Robinson,,,21,5,1772,Cahuenga,129,Births
10922,Lisa,Mendoza,,,20,9,1770,Faircrest,126,Births
10931,Derek,Davis,,,9,11,1763,Canoga,122,Births
10932,Prudence,Bailey,,,3,3,1760,Westwood,103,Births
10941,Baldwin,Rogers,,,5,8,1797,Boyle,136,Births
10942,Hannah,Kim,,,1,10,1796,Florence,161,Births
10951,Michael,Rivera,,,14,7,1793,Mandeville,154,Births
10952,Ruth,Williams,,,14,5,1792,Cypress,167,Births
10961,Michael,Allen,,,17,4,1754,Reseda,124,Births
10962,Francine,Stone,,,9,1,1756,Carthay,158,Births
10971,Cedric,Patel,,,4,5,1768,Westdale,149,Births
10972,Pansy,Watson,,,2,5,1769,Chatsworth,102,Births
10981,Andrew,Stewart,,,2,10,1740,Cahuenga,129,Births
10982,Marina,Smith,,,8,6,1736,Crestwood,168,Births
10991,Karl,Harris,,,9,3,1708,Pacoima,140,Births
10992,Bertha,Black,,,6,8,1705,Laurel,162,Births
100001,Mona,Edwards,10002,10001,22,5,1788,Watts,104,Births
100101,Lora,Hernandez,10012,10011,27,7,1780,Tarzana,128,Births
100102,Cameron,Hernandez,10012,10011,5,9,1782,Tarzana,128,Births
100103,Roman,Hernandez,10012,10011,10,4,1784,Tarzana,128,Births
100104,Judith,Hernandez,10012,10011,25,2,1786,Tarzana,128,Births
100105,Roger,Hernandez,10012,10011,25,11,1788,Arleta,107,Births
100106,Stacy,Hernandez,10012,10011,2,11,1790,Arleta,107,Births
100107,Bertha,Hernandez,10012,10011,27,2,1792,Arleta,107,Births
100201,Vincent,Fisher,10022,10021,5,6,1761,Glassell,101,Births
100202,Darrell,Fisher,10022,10021,21,2,1763,Glassell,101,Births
100203,Lindon,Fisher,10022,10021,19,8,1765,Glassell,101,Births
100204,Noel,Fisher,10022,10021,5,1,1767,Glassell,101,Births
100301,Shauna,Peterson,10032,10031,6,11,1739,Montecito,137,Births
100302,Thelma,Peterson,10032,10031,11,2,1741,Montecito,137,Births
100401,Aurora,Lee,10042,10041,24,9,1809,Hollywood,166,Births
100402,Shannon,Lee,10042,10041,28,6,1811,Hollywood,166,Births
100501,Peggy,Fisher,10052,10051,6,4,1823,Gramercy,169,Births
100502,Kendall,Fisher,10052,10051,4,5,1825,Gramercy,169,Births
100601,Darrell,Miller,10062,10061,20,1,1751,Watts,104,Births
100602,Yvette,Miller,10062,10061,16,3,1753,Watts,104,Births
100603,Tobias,Miller,10062,10061,18,2,1755,Watts,104,Births
100604,Harriet,Miller,10062,10061,23,7,1757,Watts,104,Births
100605,James,Miller,10062,10061,22,5,1759,Watts,104,Births
100701,Brady,Gonzalez,10072,10071,4,10,1810,Watts,104,Births
100801,Irma,Warren,10082,10081,26,2,1758,Monterey,120,Births
100802,Fergus,Warren,10082,10081,3,7,1760,Monterey,120,Births
100901,Arabella,Jackson,10092,10091,12,5,1732,West,113,Births
101001,Miles,Coleman,10102,10101,27,10,1755,Garvanza,163,Births
101002,Maribel,Coleman,10102,10101,1,7,1757,Garvanza,163,Births
101003,Daphne,Coleman,10102,10101,8,4,1759,Garvanza,163,Births
101101,Louis,Gonzalez,10112,10111,23,9,1743,Sawtelle,115,Births
101102,Leticia,Gonzalez,10112,10111,26,7,1745,Sawtelle,115,Births
101201,Hillary,Holmes,10122,10121,20,6,1799,Glassell,101,Births
101202,Kyle,Holmes,10122,10121,19,6,1801,Glassell,101,Births
101203,Estelle,Holmes,10122,10121,26,3,1803,Glassell,101,Births
101204,Saul,Holmes,10122,10121,16,1,1805,Glassell,101,Births
101205,Belle,Holmes,10122,10121,17,11,1807,Glassell,101,Births
101301,Marina,Clark,10132,10131,8,3,1745,Faircrest,126,Births
101302,Antoinette,Clark,10132,10131,4,10,1747,Faircrest,126,Births
101303,Aurora,Clark,10132,10131,9,2,1749,Faircrest,126,Births
101304,Augustus,Clark,10132,10131,23,4,1751,Faircrest,126,Births
101305,Morgan,Clark,10132,10131,6,7,1753,Faircrest,126,Births
101306,Nettie,Clark,10132,10131,15,11,1755,Faircrest,126,Births
101401,Elijah,Wood,10142,10141,10,6,1784,Hollywood,166,Births
101402,Stanley,Wood,10142,10141,8,4,1786,Hollywood,166,Births
101403,Clark,Wood,10142,10141,17,4,1788,Hollywood,166,Births
101404,Alonso,Wood,10142,10141,25,11,1790,Hollywood,166,Births
101405,Rodney,Wood,10142,10141,5,1,1792,Hollywood,166,Births
101406,Lyle,Wood,10142,10141,1,9,1794,Hollywood,166,Births
101501,Dorian,Brown,10152,10151,6,7,1762,Westdale,149,Births
101502,Polly,Brown,10152,10151,16,10,1764,Westdale,149,Births
101503,Pamela,Brown,10152,10151,16,11,1766,Westdale,149,Births
101504,Brandon,Brown,10152,10151,1,2,1768,Westdale,149,Births
101601,Leticia,Hamilton,10162,10161,24,11,1807,Lafayette,151,Births
101602,Clifford,Hamilton,10162,10161,11,7,1809,Lafayette,151,Births
101603,Fabian,Hamilton,10162,10161,5,3,1811,Lafayette,151,Births
101604,June,Hamilton,10162,10161,21,4,1813,Lafayette,151,Births
101605,Roland,Hamilton,10162,10161,14,5,1815,Lafayette,151,Births
101606,Francesca,Hamilton,10162,10161,13,2,1817,Lafayette,151,Births
101701,Karen,Butler,10172,10171,21,9,1809,Tarzana,128,Births
101702,Joshua,Butler,10172,10171,27,8,1811,Tarzana,128,Births
101703,Nina,Butler,10172,10171,1,1,1813,Tarzana,128,Births
101801,Alexandra,Phillips,10182,10181,10,3,1742,Sunland,160,Births
101802,Henry,Phillips,10182,10181,4,2,1744,Sunland,160,Births
101803,Elbert,Phillips,10182,10181,3,7,1746,Sunland,160,Births
101804,Vivian,Phillips,10182,10181,12,6,1748,Sunland,160,Births
101805,Alison,Phillips,10182,10181,6,10,1750,Sunland,160,Births
101806,Monroe,Phillips,10182,10181,1,9,1752,Sunland,160,Births
101901,Silvester,Mendoza,10192,10191,27,11,1804,Arlington,121,Births
101902,Miles,Mendoza,10192,10191,11,1,1806,Arlington,121,Births
101903,Pamela,Mendoza,10192,10191,10,10,1808,Arlington,121,Births
101904,Ulysses,Mendoza,10192,10191,19,3,1810,Arlington,121,Births
102001,Noah,Nguyen,10202,10201,17,5,1766,Leimert,152,Births
102002,Jenny,Nguyen,10202,10201,12,9,1768,Leimert,152,Births
102003,Henrietta,Nguyen,10202,10201,19,3,1770,Leimert,152,Births
102004,Selina,Nguyen,10202,10201,22,7,1772,Leimert,152,Births
102005,Andrew,Nguyen,10202,10201,21,6,1774,Lafayette,151,Births
102101,Doyle,Kelly,10212,10211,2,9,1754,Spaulding,109,Births
102102,Sharon,Kelly,10212,10211,7,6,1756,Spaulding,109,Births
102103,Lottie,Kelly,10212,10211,11,3,1758,Spaulding,109,Births
102104,Crystal,Kelly,10212,10211,1,10,1760,Spaulding,109,Births
102105,Everett,Kelly,10212,10211,15,5,1762,Spaulding,109,Births
102201,Elsie,Peterson,10222,10221,29,6,1765,Watts,104,Births
102301,Jeannette,Stevens,10232,10231,8,8,1763,Cahuenga,129,Births
102401,Monroe,Ortiz,10242,10241,30,5,1770,Brookside,139,Births
102402,Madeline,Ortiz,10242,10241,18,8,1772,Brookside,139,Births
102403,Mildred,Ortiz,10242,10241,21,9,1774,Brookside,139,Births
102501,Maxine,Powell,10252,10251,29,11,1820,Glassell,101,Births
102502,Hillary,Powell,10252,10251,8,10,1822,Glassell,101,Births
102503,Aileen,Powell,10252,10251,25,4,1824,Glassell,101,Births
102504,Elton,Powell,10252,10251,28,3,1826,Glassell,101,Births
102505,Dominic,Powell,10252,10251,4,2,1828,Glassell,101,Births
102506,Hannah,Powell,10252,10251,7,10,1830,Glassell,101,Births
102507,Clayton,Powell,10252,10251,23,10,1832,Glassell,101,Births
102601,Daniel,Robertson,10262,10261,5,10,1800,Pacific,108,Births
102701,Lancelot,Black,10272,10271,15,3,1822,Windsor,147,Births
102702,Nora,Black,10272,10271,26,8,1824,Windsor,147,Births
102703,Roland,Black,10272,10271,3,10,1826,Windsor,147,Births
102704,Eustacia,Black,10272,10271,4,10,1828,Windsor,147,Births
102801,Duke,Porter,10282,10281,15,9,1793,Sylmar,123,Births
102802,Laureen,Porter,10282,10281,12,6,1795,Sylmar,123,Births
102803,Baldwin,Porter,10282,10281,4,10,1797,Sylmar,123,Births
102804,Alvin,Porter,10282,10281,3,8,1799,Sylmar,123,Births
102805,Calvin,Porter,10282,10281,12,1,1801,Sylmar,123,Births
102806,Natalie,Porter,10282,10281,4,1,1803,Sylmar,123,Births
102901,Dylan,Reynolds,10292,10291,5,6,1765,Sawtelle,115,Births
102902,Sheldon,Reynolds,10292,10291,18,11,1767,Sawtelle,115,Births
103001,Ivor,Snyder,10302,10301,28,7,1780,Pacoima,140,Births
103002,Delia,Snyder,10302,10301,19,10,1782,Pacoima,140,Births
103003,Tabitha,Snyder,10302,10301,14,7,1784,Pacoima,140,Births
103101,Ross,Castillo,10312,10311,12,5,1762,Highland,134,Births
103102,George,Castillo,10312,10311,19,3,1764,Highland,134,Births
103103,Deborah,Castillo,10312,10311,1,6,1766,Highland,134,Births
103104,Howard,Castillo,10312,10311,9,9,1768,Highland,134,Births
103105,Clyde,Castillo,10312,10311,3,5,1770,Highland,134,Births
103106,Elsie,Castillo,10312,10311,15,5,1772,Highland,134,Births
103107,Algernon,Castillo,10312,10311,7,9,1774,Highland,134,Births
103201,Rhoda,Jenkins,10322,10321,3,5,1742,Hollywood,166,Births
103202,Isabel,Jenkins,10322,10321,24,6,1744,Hollywood,166,Births
103301,Agnes,Walker,10332,10331,28,7,1737,Toluca,118,Births
103302,Lee,Walker,10332,10331,2,8,1739,Toluca,118,Births
103303,Shannon,Walker,10332,10331,17,1,1741,Toluca,118,Births
103304,Linda,Walker,10332,10331,16,1,1743,Toluca,118,Births
103305,Amabel,Walker,10332,10331,14,11,1745,Toluca,118,Births
103401,Vincent,Porter,10342,10341,19,5,1734,Sunset,111,Births
103501,Molly,Long,10352,10351,11,7,1800,Jefferson,156,Births
103502,Adam,Long,10352,10351,18,8,1802,Jefferson,156,Births
103503,Merrill,Long,10352,10351,13,2,1804,Jefferson,156,Births
103504,Madeline,Long,10352,10351,15,1,1806,Jefferson,156,Births
103505,Rhonda,Long,10352,10351,16,5,1808,Jefferson,156,Births
103506,Sidney,Long,10352,10351,25,10,1810,Jefferson,156,Births
103507,Ruby,Long,10352,10351,13,5,1812,Jefferson,156,Births
103601,Cornelia,Brooks,10362,10361,15,3,1809,Sunland,160,Births
103602,Alvin,Brooks,10362,10361,14,10,1811,Sunland,160,Births
103701,Raymond,Nguyen,10372,10371,5,9,1795,Canoga,122,Births
103801,Monica,Kelly,10382,10381,3,2,1742,Highland,134,Births
103901,Norman,Sullivan,10392,10391,10,8,1806,Garvanza,163,Births
103902,Elvis,Sullivan,10392,10391,1,2,1808,Garvanza,163,Births
103903,Oswald,Sullivan,10392,10391,17,7,1810,Garvanza,163,Births
103904,Gerald,Sullivan,10392,10391,13,5,1812,Garvanza,163,Births
103905,Morton,Sullivan,10392,10391,10,6,1814,Garvanza,163,Births
104001,Valerie,Henderson,10402,10401,29,1,1761,Griffith,142,Births
104101,Crystal,Murray,10412,10411,24,11,1748,Whitley,135,Births
104201,Kurt,Thompson,10422,10421,21,10,1795,Montecito,137,Births
104202,Neal,Thompson,10422,10421,16,4,1797,Montecito,137,Births
104203,Horace,Thompson,10422,10421,3,11,1799,Montecito,137,Births
104204,Felicia,Thompson,10422,10421,18,2,1801,Montecito,137,Births
104301,Francesca,Turner,10432,10431,15,9,1790,Lafayette,151,Births
104302,Ronald,Turner,10432,10431,25,3,1792,Lafayette,151,Births
104303,Tina,Turner,10432,10431,5,8,1794,Lafayette,151,Births
104304,Jasper,Turner,10432,10431,24,9,1796,Lafayette,151,Births
104305,Lyle,Turner,10432,10431,19,3,1798,Lafayette,151,Births
104306,Arnold,Turner,10432,10431,7,1,1800,Lafayette,151,Births
104307,Margaret,Turner,10432,10431,21,4,1802,Lafayette,151,Births
104308,Tristram,Turner,10432,10431,18,4,1804,Lafayette,151,Births
104401,Caren,Gonzales,10442,10441,22,1,1757,Canterbury,170,Births
104402,Xavier,Gonzales,10442,10441,10,6,1759,Canterbury,170,Births
104403,Cora,Gonzales,10442,10441,28,6,1761,Canterbury,170,Births
104404,Judith,Gonzales,10442,10441,29,4,1763,Canterbury,170,Births
104501,Ruby,Stone,10452,10451,4,6,1763,Winnetka,153,Births
104502,Stephanie,Stone,10452,10451,3,7,1765,Winnetka,153,Births
104503,Ervin,Stone,10452,10451,23,11,1767,Winnetka,153,Births
104504,Howard,Stone,10452,10451,18,1,1769,Winnetka,153,Births
104601,Peggy,Perry,10462,10461,17,1,1796,Benedict,133,Births
104602,Malcolm,Perry,10462,10461,30,5,1798,Benedict,133,Births
104603,Travis,Perry,10462,10461,1,11,1800,Benedict,133,Births
104604,Lewis,Perry,10462,10461,26,11,1802,Benedict,133,Births
104701,Warren,Collins,10472,10471,9,1,1805,Beachwood,165,Births
104702,Ryan,Collins,10472,10471,14,4,1807,Beachwood,165,Births
104801,Arlene,Graham,10482,10481,14,7,1758,Winnetka,153,Births
104802,Rosemary,Graham,10482,10481,3,7,1760,Winnetka,153,Births
104803,Iris,Graham,10482,10481,16,3,1762,Winnetka,153,Births
104804,Carlotta,Graham,10482,10481,21,2,1764,Winnetka,153,Births
104805,Jack,Graham,10482,10481,2,4,1766,Winnetka,153,Births
104806,Amelia,Graham,10482,10481,14,4,1768,Winnetka,153,Births
104807,Selma,Graham,10482,10481,17,5,1770,Winnetka,153,Births
104808,Tracy,Graham,10482,10481,19,7,1772,Winnetka,153,Births
104809,Karen,Graham,10482,10481,19,7,1774,Winnetka,153,Births
104901,Noel,Hughes,10492,10491,25,1,1827,Whitley,135,Births
104902,Madeline,Hughes,10492,10491,14,10,1829,Whitley,135,Births
104903,Brady,Hughes,10492,10491,25,10,1831,Whitley,135,Births
105001,Aaron,Griffin,10502,10501,25,9,1730,Hermon,171,Births
105002,Rosemary,Griffin,10502,10501,7,2,1732,Hermon,171,Births
105101,Agnes,Johnson,10512,10511,29,9,1764,Winnetka,153,Births
105201,Noah,Schmidt,10522,10521,11,5,1811,Whitley,135,Births
105202,Gabriel,Schmidt,10522,10521,17,11,1813,Whitley,135,Births
105203,Llewellyn,Schmidt,10522,10521,12,4,1815,Whitley,135,Births
105204,Rhoda,Schmidt,10522,10521,16,11,1817,Whitley,135,Births
105205,Francesca,Schmidt,10522,10521,7,1,1819,Whitley,135,Births
105301,Ada,Kelly,10532,10531,26,4,1766,Mandeville,154,Births
105302,Abraham,Kelly,10532,10531,10,2,1768,Mandeville,154,Births
105303,Alister,Kelly,10532,10531,27,7,1770,Mandeville,154,Births
105401,Tanya,Russell,10542,10541,24,9,1789,Lafayette,151,Births
105402,Angela,Russell,10542,10541,13,10,1791,Lafayette,151,Births
105403,Augustus,Russell,10542,10541,26,7,1793,Lafayette,151,Births
105404,Marilyn,Russell,10542,10541,22,4,1795,Lafayette,151,Births
105405,Victor,Russell,10542,10541,7,4,1797,Lafayette,151,Births
105406,Raquel,Russell,10542,10541,26,10,1799,Lafayette,151,Births
105501,Humphrey,Gutierrez,10552,10551,13,8,1770,Faircrest,126,Births
105502,Roseanna,Gutierrez,10552,10551,9,1,1772,Faircrest,126,Births
105503,Kurt,Gutierrez,10552,10551,11,10,1774,Faircrest,126,Births
105601,Brady,Howard,10562,10561,29,11,1785,Garvanza,163,Births
105602,Virginia,Howard,10562,10561,18,10,1787,Garvanza,163,Births
105701,Don,Perez,10572,10571,4,11,1755,Beachwood,165,Births
105702,Caren,Perez,10572,10571,9,4,1757,Beachwood,165,Births
105801,Jasper,Miller,10582,10581,8,7,1736,Arlington,121,Births
105802,Malcolm,Miller,10582,10581,2,10,1738,Arlington,121,Births
105803,Dwight,Miller,10582,10581,12,6,1740,Arlington,121,Births
105804,Bruno,Miller,10582,10581,22,9,1742,Arlington,121,Births
105901,Abel,James,10592,10591,11,4,1724,West,113,Births
105902,Dolores,James,10592,10591,25,6,1726,West,113,Births
105903,Adelaide,James,10592,10591,14,5,1728,West,113,Births
105904,Norma,James,10592,10591,3,9,1730,West,113,Births
106001,Darrell,Patel,10602,10601,10,1,1804,Canterbury,170,Births
106002,Louise,Patel,10602,10601,10,9,1806,Canterbury,170,Births
106003,Wesley,Patel,10602,10601,23,3,1808,Canterbury,170,Births
106004,Nelson,Patel,10602,10601,21,3,1810,Canterbury,170,Births
106005,Bradley,Patel,10602,10601,24,7,1812,Canterbury,170,Births
106101,Todd,West,10612,10611,18,9,1827,Montecito,137,Births
106201,Fergus,Harris,10622,10621,30,7,1767,Chesterfield,116,Births
106202,Emma,Harris,10622,10621,3,7,1769,Chesterfield,116,Births
106203,Wilbur,Harris,10622,10621,26,2,1771,Chesterfield,116,Births
106301,Constance,Jones,10632,10631,26,6,1781,Baldwin,164,Births
106302,Norbert,Jones,10632,10631,6,4,1783,Baldwin,164,Births
106303,Raphael,Jones,10632,10631,22,9,1785,Baldwin,164,Births
106304,Samson,Jones,10632,10631,16,6,1787,Baldwin,164,Births
106305,Nigel,Jones,10632,10631,5,11,1789,Baldwin,164,Births
106306,Renee,Jones,10632,10631,27,2,1791,Baldwin,164,Births
106401,Ophelia,Perez,10642,10641,5,5,1804,Tujunga,130,Births
106402,Morgan,Perez,10642,10641,16,11,1806,Tujunga,130,Births
106403,Corinne,Perez,10642,10641,19,5,1808,Tujunga,130,Births
106404,Reynold,Perez,10642,10641,1,11,1810,Tujunga,130,Births
106405,Charity,Perez,10642,10641,3,2,1812,Tujunga,130,Births
106501,Stephanie,Reyes,10652,10651,7,9,1756,Faircrest,126,Births
106502,Abigail,Reyes,10652,10651,7,8,1758,Faircrest,126,Births
106503,Penelope,Reyes,10652,10651,7,7,1760,Faircrest,126,Births
106601,Marion,Bailey,10662,10661,22,11,1784,Whitley,135,Births
106602,Karen,Bailey,10662,10661,9,1,1786,Whitley,135,Births
106701,Sibyl,Bailey,10672,10671,11,9,1733,Sawtelle,115,Births
106702,Daniel,Bailey,10672,10671,22,5,1735,Sawtelle,115,Births
106703,Elliot,Bailey,10672,10671,10,10,1737,Sawtelle,115,Births
106801,Leopold,Gonzales,10682,10681,5,1,1735,Reseda,124,Births
106802,Winston,Gonzales,10682,10681,6,6,1737,Reseda,124,Births
106901,Lois,Snyder,10692,10691,11,11,1773,Windsor,147,Births
106902,Katherine,Snyder,10692,10691,4,1,1775,Windsor,147,Births
106903,Caren,Snyder,10692,10691,21,4,1777,Windsor,147,Births
106904,Martha,Snyder,10692,10691,28,4,1779,Windsor,147,Births
107001,Ford,Kennedy,10702,10701,21,11,1740,Granada,144,Births
107101,Jean,Rivera,10712,10711,17,10,1751,Lincoln,119,Births
107201,Lee,Russell,10722,10721,6,11,1777,Larchmont,145,Births
107202,Penelope,Russell,10722,10721,19,3,1779,Larchmont,145,Births
107301,Paul,Henry,10732,10731,12,10,1803,Cahuenga,129,Births
107302,Cynthia,Henry,10732,10731,28,4,1805,Cahuenga,129,Births
107303,Winifred,Henry,10732,10731,26,7,1807,Cahuenga,129,Births
107304,Althea,Henry,10732,10731,22,4,1809,Cahuenga,129,Births
107305,Victor,Henry,10732,10731,13,2,1811,Westlake,117,Births
107306,Alphonso,Henry,10732,10731,27,10,1813,Westlake,117,Births
107307,Adele,Henry,10732,10731,12,7,1815,Westlake,117,Births
107401,Ada,Foster,10742,10741,24,10,1735,Westchester,150,Births
107402,Cecil,Foster,10742,10741,4,1,1737,Westchester,150,Births
107403,Arthur,Foster,10742,10741,9,3,1739,Westchester,150,Births
107404,Lillian,Foster,10742,10741,19,5,1741,Westchester,150,Births
107501,Susan,Harrison,10752,10751,27,6,1805,Beachwood,165,Births
107601,Andrew,Kelly,10762,10761,17,6,1797,Garvanza,163,Births
107602,Clare,Kelly,10762,10761,8,1,1799,Garvanza,163,Births
107603,Cora,Kelly,10762,10761,6,9,1801,Garvanza,163,Births
107604,Millicent,Kelly,10762,10761,26,7,1803,Garvanza,163,Births
107605,Norman,Kelly,10762,10761,13,4,1805,Garvanza,163,Births
107606,Shannon,Kelly,10762,10761,27,8,1807,Garvanza,163,Births
107701,Bertrand,James,10772,10771,3,7,1807,Arlington,121,Births
107702,Paul,James,10772,10771,13,11,1809,Arlington,121,Births
107703,Nathan,James,10772,10771,13,8,1811,Arlington,121,Births
107801,Ethel,Reyes,10782,10781,27,11,1788,Highland,134,Births
107802,Edwin,Reyes,10782,10781,25,1,1790,Highland,134,Births
107803,Andrew,Reyes,10782,10781,10,7,1792,Highland,134,Births
107804,Sheldon,Reyes,10782,10781,24,11,1794,Highland,134,Births
107805,Blanche,Reyes,10782,10781,20,3,1796,Highland,134,Births
107806,Anselm,Reyes,10782,10781,14,7,1798,Highland,134,Births
107807,Darlene,Reyes,10782,10781,11,11,1800,Highland,134,Births
107901,Howard,Garcia,10792,10791,23,1,1754,Franklin,172,Births
107902,Eveline,Garcia,10792,10791,4,2,1756,Franklin,172,Births
107903,Lucy,Garcia,10792,10791,5,9,1758,Franklin,172,Births
108001,Jessica,Smith,10802,10801,24,2,1786,Lafayette,151,Births
108002,Oscar,Smith,10802,10801,27,5,1788,Panorama,143,Births
108101,Bradford,Barnes,10812,10811,17,6,1742,Crestwood,168,Births
108201,Estelle,Harrison,10822,10821,11,8,1752,Franklin,172,Births
108202,Rowena,Harrison,10822,10821,19,7,1754,Franklin,172,Births
108301,Curtis,Carter,10832,10831,11,10,1820,Northridge,106,Births
108302,Horace,Carter,10832,10831,21,5,1822,Northridge,106,Births
108303,Zachary,Carter,10832,10831,6,7,1824,Northridge,106,Births
108304,Frances,Carter,10832,10831,7,11,1826,Northridge,106,Births
108305,Walter,Carter,10832,10831,9,1,1828,Northridge,106,Births
108306,Cecil,Carter,10832,10831,1,4,1830,Northridge,106,Births
108307,Adele,Carter,10832,10831,27,5,1832,Northridge,106,Births
108308,Hubert,Carter,10832,10831,8,7,1834,Northridge,106,Births
108309,Joceline,Carter,10832,10831,14,5,1836,Northridge,106,Births
108310,Calvin,Carter,10832,10831,20,7,1838,Northridge,106,Births
108311,Seth,Carter,10832,10831,16,11,1840,Northridge,106,Births
108401,Bennet,Gray,10842,10841,5,4,1811,Reseda,124,Births
108402,Aurora,Gray,10842,10841,2,6,1813,Reseda,124,Births
108403,Verna,Gray,10842,10841,27,3,1815,Toluca,118,Births
108404,Tabitha,Gray,10842,10841,10,11,1817,Toluca,118,Births
108405,Kristina,Gray,10842,10841,24,4,1819,Toluca,118,Births
108406,Gregory,Gray,10842,10841,14,7,1821,Toluca,118,Births
108501,Claudia,Cook,10852,10851,15,8,1797,Watts,104,Births
108502,Magdaline,Cook,10852,10851,1,1,1799,Watts,104,Births
108503,Laureen,Cook,10852,10851,16,10,1801,Watts,104,Births
108504,Troy,Cook,10852,10851,12,5,1803,Watts,104,Births
108505,Desmond,Cook,10852,10851,10,8,1805,Watts,104,Births
108506,Rebecca,Cook,10852,10851,15,5,1807,Watts,104,Births
108601,Randolph,Burns,10862,10861,20,1,1775,Brentwood,155,Births
108602,Lorraine,Burns,10862,10861,24,5,1777,Brentwood,155,Births
108603,Kenneth,Burns,10862,10861,22,5,1779,Brentwood,155,Births
108604,Stanley,Burns,10862,10861,1,10,1781,Brentwood,155,Births
108701,Martha,Chavez,10872,10871,3,4,1812,Encino,146,Births
108702,Douglas,Chavez,10872,10871,23,2,1814,Encino,146,Births
108703,Merlin,Chavez,10872,10871,17,10,1816,Encino,146,Births
108704,Quincy,Chavez,10872,10871,13,7,1818,Encino,146,Births
108705,Mark,Chavez,10872,10871,11,11,1820,Encino,146,Births
108706,Simeon,Chavez,10872,10871,17,11,1822,Encino,146,Births
108801,Bradley,Butler,10882,10881,12,5,1740,Beverly,141,Births
108802,Barbara,Butler,10882,10881,8,7,1742,Beverly,141,Births
108803,Lena,Butler,10882,10881,3,11,1744,Beverly,141,Births
108901,Ryan,Gonzalez,10892,10891,10,7,1768,Spaulding,109,Births
108902,Raymond,Gonzalez,10892,10891,15,6,1770,Spaulding,109,Births
108903,Tiffany,Gonzalez,10892,10891,28,6,1772,Spaulding,109,Births
108904,Jason,Gonzalez,10892,10891,29,4,1774,Spaulding,109,Births
108905,Daniel,Gonzalez,10892,10891,26,9,1776,Spaulding,109,Births
108906,Neal,Gonzalez,10892,10891,28,6,1778,Spaulding,109,Births
108907,Doyle,Gonzalez,10892,10891,25,10,1780,Spaulding,109,Births
109001,Charles,Johnson,10902,10901,29,5,1768,Brookside,139,Births
109002,Keith,Johnson,10902,10901,28,5,1770,Brookside,139,Births
109003,Joceline,Johnson,10902,10901,5,10,1772,Brookside,139,Births
109101,Dinah,Ford,10912,10911,14,8,1747,Mandeville,154,Births
109102,Lynn,Ford,10912,10911,26,11,1749,Mandeville,154,Births
109103,Marina,Ford,10912,10911,17,10,1751,Mandeville,154,Births
109201,Dale,Robinson,10922,10921,25,3,1800,Pacific,108,Births
109202,Ruth,Robinson,10922,10921,9,5,1802,Pacific,108,Births
109203,Gregory,Robinson,10922,10921,10,5,1804,Pacific,108,Births
109204,Nathan,Robinson,10922,10921,21,7,1806,Pacific,108,Births
109205,Ashley,Robinson,10922,10921,11,2,1808,Pacific,108,Births
109206,Cornelius,Robinson,10922,10921,20,8,1810,Pacific,108,Births
109301,Carl,Davis,10932,10931,19,8,1784,Arleta,107,Births
109302,Tristram,Davis,10932,10931,22,4,1786,Arleta,107,Births
109303,Thelma,Davis,10932,10931,27,7,1788,Arleta,107,Births
109304,Colleen,Davis,10932,10931,17,9,1790,Arleta,107,Births
109305,Immanuel,Davis,10932,10931,25,8,1792,Arleta,107,Births
109306,Annabel,Davis,10932,10931,10,5,1794,Arleta,107,Births
109401,William,Rogers,10942,10941,23,10,1820,Monterey,120,Births
109501,Viola,Rivera,10952,10951,5,10,1816,Crestwood,168,Births
109502,Violet,Rivera,10952,10951,30,10,1818,Crestwood,168,Births
109503,Ellen,Rivera,10952,10951,27,7,1820,Crestwood,168,Births
109504,Calvin,Rivera,10952,10951,28,11,1822,Crestwood,168,Births
109505,Dudley,Rivera,10952,10951,2,11,1824,Crestwood,168,Births
109506,Lynn,Rivera,10952,10951,4,4,1826,Crestwood,168,Births
109507,Ursula,Rivera,10952,10951,22,8,1828,Crestwood,168,Births
109601,Austin,Allen,10962,10961,19,2,1779,Broadway,131,Births
109602,Rodney,Allen,10962,10961,25,1,1781,Broadway,131,Births
109603,Thelma,Allen,10962,10961,11,4,1783,Broadway,131,Births
109604,Mona,Allen,10962,10961,16,3,1785,Broadway,131,Births
109701,Alan,Patel,10972,10971,15,2,1797,Florence,161,Births
109801,Seymour,Stewart,10982,10981,2,3,1755,Carthay,158,Births
109802,Howard,Stewart,10982,10981,5,4,1757,Carthay,158,Births
109901,Shirley,Harris,10992,10991,3,11,1736,Boyle,136,Births
109902,Amabel,Harris,10992,10991,3,11,1738,Boyle,136,Births
