idi,fname,lname,death_day,death_month,death_year,deathloc,deathloc_id,source
10001,Franklin,Edwards,25,11,1798,Watts,104,Deaths
10002,Nell,Kim,21,9,1810,Watts,104,Deaths
10011,Tristram,Hernandez,25,10,1796,Arleta,107,Deaths
10012,Marina,Kennedy,23,5,1817,Arleta,107,Deaths
10021,Bradford,Fisher,2,10,1804,Glassell,101,Deaths
10022,Cynthia,Vasquez,24,3,1822,Glassell,101,Deaths
10031,Oliver,Peterson,8,9,1806,Montecito,137,Deaths
10032,Antonia,Porter,20,3,1761,Montecito,137,Deaths
10041,Morgan,Lee,7,10,1819,Hollywood,166,Deaths
10042,Adeline,Woods,6,10,1840,Hollywood,166,Deaths
10051,Roscoe,Fisher,2,10,1838,Gramercy,169,Deaths
10052,Tamara,Wilson,15,11,1879,Gramercy,169,Deaths
10061,Merlin,Miller,9,6,1785,Watts,104,Deaths
10062,Katherine,Foster,29,4,1764,Watts,104,Deaths
10071,Benedict,Gonzalez,20,6,1823,Watts,104,Deaths
10072,Gloria,Harrison,3,7,1815,Watts,104,Deaths
10081,Kenneth,Warren,14,1,1808,Monterey,120,Deaths
10082,Annabel,Lee,13,6,1798,Monterey,120,Deaths
10091,Roderic,Jackson,15,4,1736,West,113,Deaths
10092,Stacy,Schmidt,24,2,1772,West,113,Deaths
10101,Adrian,Coleman,11,9,1765,Garvanza,163,Deaths
10102,Sibyl,Harrison,2,9,1807,Garvanza,163,Deaths
10111,Luther,Gonzalez,27,11,1751,Sawtelle,115,Deaths
10112,Cornelia,Russell,16,10,1769,Sawtelle,115,Deaths
10121,Lionel,Holmes,5,8,1851,Glassell,101,Deaths
10122,Felicia,Gonzales,3,2,1824,Glassell,101,Deaths
10131,Tristram,Clark,26,3,1774,Faircrest,126,Deaths
10132,Cornelia,Lopez,17,4,1777,Faircrest,126,Deaths
10141,Emery,Wood,22,10,1841,Florence,161,Deaths
10142,Dorothy,Wallace,11,10,1848,Florence,161,Deaths
10151,Basil,Brown,10,10,1782,Westdale,149,Deaths
10152,Leona,Boyd,16,5,1818,Westdale,149,Deaths
10161,Carol,Hamilton,30,8,1846,Lafayette,151,Deaths
10162,Charlotte,Miller,15,2,1856,Lafayette,151,Deaths
10171,Adrian,Butler,10,7,1828,Tarzana,128,Deaths
10172,Muriel,Ward,19,9,1841,Tarzana,128,Deaths
10181,Garrett,Phillips,9,3,1790,Sunland,160,Deaths
10182,Katherine,Ross,21,9,1813,Sunland,160,Deaths
10191,Dominic,Mendoza,2,7,1861,Arlington,121,Deaths
10192,Shauna,Wright,20,9,1819,Arlington,121,Deaths
10201,Craig,Nguyen,23,1,1783,Lafayette,151,Deaths
10202,Victoria,Russell,25,5,1797,Lafayette,151,Deaths
10211,Alonso,Kelly,19,6,1807,Spaulding,109,Deaths
10212,Mona,Thomas,7,8,1780,Spaulding,109,Deaths
10221,Karl,Peterson,19,4,1793,Watts,104,Deaths
10222,Roxanne,West,2,9,1783,Watts,104,Deaths
10231,Benedict,Stevens,15,11,1807,Cahuenga,129,Deaths
10232,Matilda,Garcia,20,6,1767,Cahuenga,129,Deaths
10241,Percival,Ortiz,20,1,1792,Brookside,139,Deaths
10242,Molly,Jordan,18,2,1814,Brookside,139,Deaths
10251,Ford,Powell,17,9,1873,Glassell,101,Deaths
10252,Anna,Fox,15,9,1868,Glassell,101,Deaths
10261,Victor,Robertson,10,4,1811,Pacific,108,Deaths
10262,Emma,Scott,15,2,1828,Pacific,108,Deaths
10271,Ron,Black,7,5,1854,Windsor,147,Deaths
10272,Shirley,Hill,22,8,1849,Windsor,147,Deaths
10281,Bernard,Porter,28,1,1834,Sylmar,123,Deaths
10282,Eveline,Ford,30,10,1830,Sylmar,123,Deaths
10291,Wilson,Reynolds,2,9,1809,Sawtelle,115,Deaths
10292,Harriet,Burns,16,11,1805,Sawtelle,115,Deaths
10301,Morgan,Snyder,16,9,1839,Pacoima,140,Deaths
10302,Darlene,Ellis,6,6,1818,Pacoima,140,Deaths
10311,Malcolm,Castillo,15,6,1818,Panorama,143,Deaths
10312,Eunice,Carter,22,8,1785,Panorama,143,Deaths
10321,Sean,Jenkins,13,11,1751,Hollywood,166,Deaths
10322,Sonia,Torres,27,1,1794,Hollywood,166,Deaths
10331,Quincy,Walker,27,1,1779,Toluca,118,Deaths
10332,Eloise,Cook,8,4,1791,Toluca,118,Deaths
10341,Tracy,Porter,18,5,1775,Sunset,111,Deaths
10342,Frances,Holmes,7,1,1754,Sunset,111,Deaths
10351,Eugene,Long,18,11,1839,Jefferson,156,Deaths
10352,Ruth,Smith,4,4,1839,Jefferson,156,Deaths
10361,Shannon,Brooks,28,1,1839,Sunland,160,Deaths
10362,Abigail,Collins,19,7,1861,Sunland,160,Deaths
10371,Kelly,Nguyen,9,11,1798,Canoga,122,Deaths
10372,Ellen,Clark,23,4,1832,Canoga,122,Deaths
10381,Harvey,Kelly,13,9,1769,Highland,134,Deaths
10382,Roberta,Clark,15,8,1754,Highland,134,Deaths
10391,Kelly,Sullivan,22,8,1846,Garvanza,163,Deaths
10392,Aurora,Griffin,25,7,1820,Garvanza,163,Deaths
10401,Lincoln,Henderson,5,10,1819,Griffith,142,Deaths
10402,Ernestine,Moreno,21,7,1778,Griffith,142,Deaths
10411,Corey,Murray,20,9,1780,Whitley,135,Deaths
10412,Melinda,Simpson,9,2,1763,Whitley,135,Deaths
10421,Brenton,Thompson,23,3,1865,Montecito,137,Deaths
10422,Emily,Vasquez,9,5,1820,Montecito,137,Deaths
10431,Julian,Turner,19,7,1817,Lafayette,151,Deaths
10432,Peggy,Hall,3,3,1817,Lafayette,151,Deaths
10441,Dominic,Gonzales,24,2,1797,Canterbury,170,Deaths
10442,Virginia,Romero,30,7,1768,Canterbury,170,Deaths
10451,Leslie,Stone,11,2,1775,Winnetka,153,Deaths
10452,Dell,Ford,28,9,1802,Winnetka,153,Deaths
10461,Joshua,Perry,11,9,1824,Benedict,133,Deaths
10462,Michelle,Hughes,19,7,1825,Benedict,133,Deaths
10471,Montague,Collins,28,3,1847,Beachwood,165,Deaths
10472,Martha,Burns,2,1,1818,Beachwood,165,Deaths
10481,Peter,Graham,6,4,1816,Windsor,147,Deaths
10482,Dolores,Hughes,14,6,1807,Windsor,147,Deaths
10491,Bartholomew,Hughes,10,5,1865,Whitley,135,Deaths
10492,Roxanne,Butler,29,6,1886,Whitley,135,Deaths
10501,Brady,Griffin,6,11,1741,Hermon,171,Deaths
10502,April,Powell,27,5,1770,Benedict,133,Deaths
10511,Peter,Johnson,29,10,1771,Winnetka,153,Deaths
10512,Jill,Fisher,10,11,1795,Winnetka,153,Deaths
10521,Silas,Schmidt,12,10,1867,Whitley,135,Deaths
10522,Octavia,Morgan,22,8,1851,Whitley,135,Deaths
10531,Bernard,Kelly,18,5,1833,Mandeville,154,Deaths
10532,Phoebe,Kennedy,22,11,1800,Mandeville,154,Deaths
10541,Zachary,Russell,22,7,1835,Watts,104,Deaths
10542,Viola,Collins,15,11,1817,Lafayette,151,Deaths
10551,Seymour,Gutierrez,17,5,1826,Faircrest,126,Deaths
10552,Joanna,Jenkins,14,8,1780,Faircrest,126,Deaths
10561,Elton,Howard,6,7,1809,Franklin,172,Deaths
10562,Hope,Diaz,15,10,1838,Franklin,172,Deaths
10571,Elton,Perez,3,10,1770,Beachwood,165,Deaths
10572,Ellen,Cook,21,8,1804,Beachwood,165,Deaths
10581,Ignatius,Miller,19,6,1795,Arlington,121,Deaths
10582,Lily,Walker,26,7,1804,Arlington,121,Deaths
10591,Doyle,James,24,8,1738,West,113,Deaths
10592,Christine,Baker,16,6,1746,West,113,Deaths
10601,Randolph,Patel,15,4,1836,Canterbury,170,Deaths
10602,Frederica,Burns,12,7,1819,Canterbury,170,Deaths
10611,Gerald,West,14,11,1831,Montecito,137,Deaths
10612,Molly,Harrison,15,5,1848,Montecito,137,Deaths
10621,Nelson,Harris,3,11,1806,Chesterfield,116,Deaths
10622,Hillary,Kim,22,7,1782,Chesterfield,116,Deaths
10631,Sidney,Jones,7,4,1805,Baldwin,164,Deaths
10632,Adeline,Young,20,10,1804,Baldwin,164,Deaths
10641,Byron,Perez,5,8,1818,Tujunga,130,Deaths
10642,Tanya,Marshall,5,2,1830,Tujunga,130,Deaths
10651,Kevin,Reyes,1,9,1803,Sunset,111,Deaths
10652,Alfreda,Campbell,21,2,1809,Sunset,111,Deaths
10661,Roman,Bailey,30,10,1805,Whitley,135,Deaths
10662,Marietta,Sanders,9,4,1821,Whitley,135,Deaths
10671,Byron,Bailey,4,5,1741,Sawtelle,115,Deaths
10672,Rosaline,Wood,6,3,1787,Sawtelle,115,Deaths
10681,Laurence,Gonzales,1,5,1780,Reseda,124,Deaths
10682,Nora,Cruz,26,1,1787,Reseda,124,Deaths
10691,Orville,Snyder,24,7,1796,Windsor,147,Deaths
10692,Octavia,Williams,12,8,1832,Windsor,147,Deaths
10701,Leslie,Kennedy,24,8,1783,Granada,144,Deaths
10702,Charity,Morgan,23,8,1789,Granada,144,Deaths
10711,Kenneth,Rivera,18,4,1813,Lincoln,119,Deaths
10712,Lucille,Simmons,24,7,1754,Lincoln,119,Deaths
10721,Kenneth,Russell,5,3,1845,Larchmont,145,Deaths
10722,Nadine,Meyer,16,10,1792,Larchmont,145,Deaths
10731,Everett,Henry,10,2,1847,Westlake,117,Deaths
10732,Sharon,Turner,30,10,1865,Westlake,117,Deaths
10741,Stephen,Foster,18,8,1780,Westchester,150,Deaths
10742,Minnie,Peterson,7,7,1792,Westchester,150,Deaths
10751,Luther,Harrison,29,1,1809,Beachwood,165,Deaths
10752,Rosabel,Patterson,6,9,1855,Arlington,121,Deaths
10761,Jacob,Kelly,27,6,1839,Garvanza,163,Deaths
10762,Agnes,Rogers,17,2,1814,Garvanza,163,Deaths
10771,Joseph,James,16,10,1817,Arlington,121,Deaths
10772,Clemency,Gutierrez,7,2,1854,Arlington,121,Deaths
10781,John,Reyes,26,8,1810,Highland,134,Deaths
10782,Josephine,Taylor,19,1,1817,Highland,134,Deaths
10791,Vernon,Garcia,9,8,1766,Tarzana,128,Deaths
10792,Dominique,Castillo,22,9,1781,Tarzana,128,Deaths
10801,Clement,Smith,18,4,1819,Panorama,143,Deaths
10802,Doreen,Martinez,18,6,1815,Panorama,143,Deaths
10811,Leopold,Barnes,4,8,1747,Crestwood,168,Deaths
10812,Arlene,Meyer,13,11,1789,Crestwood,168,Deaths
10821,Morgan,Harrison,13,10,1766,Franklin,172,Deaths
10822,Pansy,Rose,17,1,1773,Franklin,172,Deaths
10831,Everard,Carter,15,5,1880,Northridge,106,Deaths
10832,Camille,Davis,13,11,1854,Northridge,106,Deaths
10841,Lynn,Gray,10,11,1850,Toluca,118,Deaths
10842,Morgan,Taylor,21,10,1864,Toluca,118,Deaths
10851,Tobias,Cook,18,3,1815,Westdale,149,Deaths
10852,Roseanna,Woods,7,6,1857,Westdale,149,Deaths
10861,Vernon,Burns,27,4,1802,Brentwood,155,Deaths
10862,Susan,Ramirez,27,4,1785,Brentwood,155,Deaths
10871,Merlin,Chavez,12,4,1872,Encino,146,Deaths
10872,April,Thompson,26,1,1841,Encino,146,Deaths
10881,Casey,Butler,30,10,1767,Beverly,141,Deaths
10882,Melanie,Richardson,24,4,1808,Beverly,141,Deaths
10891,Albert,Gonzalez,20,1,1808,Spaulding,109,Deaths
10892,Sharon,Wagner,3,7,1801,Spaulding,109,Deaths
10901,Herbert,Johnson,30,3,1787,Brookside,139,Deaths
10902,Iris,Cook,25,9,1781,Brookside,139,Deaths
10911,Wiley,Ford,3,10,1756,Mandeville,154,Deaths
10912,Mary,Fox,25,5,1781,Mandeville,154,Deaths
10921,Archibald,Robinson,17,1,1846,Pacific,108,Deaths
10922,Lisa,Mendoza,24,6,1818,Pacific,108,Deaths
10931,Derek,Davis,29,6,1840,Arleta,107,Deaths
10932,Prudence,Bailey,8,5,1830,Arleta,107,Deaths
10941,Baldwin,Rogers,2,3,1823,Monterey,120,Deaths
10942,Hannah,Kim,2,4,1837,Monterey,120,Deaths
10951,Michael,Rivera,28,8,1875,Crestwood,168,Deaths
10952,Ruth,Williams,22,1,1841,Crestwood,168,Deaths
10961,Michael,Allen,27,6,1795,Broadway,131,Deaths
10962,Francine,Stone,16,4,1824,Broadway,131,Deaths
10971,Cedric,Patel,13,9,1853,Florence,161,Deaths
10972,Pansy,Watson,28,4,1800,Florence,161,Deaths
10981,Andrew,Stewart,15,11,1762,Carthay,158,Deaths
10982,Marina,Smith,27,9,1797,Carthay,158,Deaths
10991,Karl,Harris,28,8,1770,Boyle,136,Deaths
10992,Bertha,Black,19,3,1776,Boyle,136,Deaths
