tableName,entityType,databaseID,entityID,source,type,variableName,value,value_ID_C,dateType,dateEstimationType,day,month,year,startDay,startMonth,startYear,endDay,endMonth,endYear,dateMissingType
marriages_input,INDIVIDUAL,FAMREC,hid,source,FIRST_NAME,hfirst,,,Declared,,marriage_day,marriage_month,marriage_year,,,,,,,
marriages_input,INDIVIDUAL,FAMREC,hid,source,LAST_NAME,hlast,,,Declared,,marriage_day,marriage_month,marriage_year,,,,,,,
marriages_input,INDIVIDUAL,FAMREC,hid,source,SEX,,Male,,,,,,,,,,,,,Time_Invariant
marriages_input,INDIVIDUAL,FAMREC,hid,source,OCCUPATION,hocc,,,Declared,,marriage_day,marriage_month,marriage_year,,,,,,,
marriages_input,INDIVIDUAL,FAMREC,hid,source,MARRIAGE_DATE,,,,Event,,marriage_day,marriage_month,marriage_year,,,,,,,
marriages_input,INDIVIDUAL,FAMREC,hid,source,MARRIAGE_LOCATION,marrloc,,marrloc_id,Declared,,marriage_day,marriage_month,marriage_year,,,,,,,
marriages_input,INDIVIDUAL,FAMREC,wid,source,FIRST_NAME,wfirst,,,Declared,,marriage_day,marriage_month,marriage_year,,,,,,,
marriages_input,INDIVIDUAL,FAMREC,wid,source,LAST_NAME,wlast,,,Declared,,marriage_day,marriage_month,marriage_year,,,,,,,
marriages_input,INDIVIDUAL,FAMREC,wid,source,SEX,,Female,,,,,,,,,,,,,Time_Invariant
marriages_input,INDIVIDUAL,FAMREC,wid,source,OCCUPATION,wocc,,,Declared,,marriage_day,marriage_month,marriage_year,,,,,,,
marriages_input,INDIVIDUAL,FAMREC,wid,source,MARRIAGE_DATE,,,,Event,,marriage_day,marriage_month,marriage_year,,,,,,,
marriages_input,INDIVIDUAL,FAMREC,wid,source,MARRIAGE_LOCATION,marrloc,,marrloc_id,Declared,,marriage_day,marriage_month,marriage_year,,,,,,,
deaths_input,INDIVIDUAL,FAMREC,idi,source,FIRST_NAME,fname,,,Declared,,death_day,death_month,death_year,,,,,,,
deaths_input,INDIVIDUAL,FAMREC,idi,source,LAST_NAME,lname,,,Declared,,death_day,death_month,death_year,,,,,,,
deaths_input,INDIVIDUAL,FAMREC,idi,source,DEATH_DATE,,,,Event,,death_day,death_month,death_year,,,,,,,
deaths_input,INDIVIDUAL,FAMREC,idi,source,DEATH_LOCATION,deathloc,,deathloc_id,Declared,,death_day,death_month,death_year,,,,,,,
births_input,INDIVIDUAL,FAMREC,kidid,source,FIRST_NAME,fname,,,Declared,,birth_day,birth_month,birth_year,,,,,,,
births_input,INDIVIDUAL,FAMREC,kidid,source,LAST_NAME,lname,,,Declared,,birth_day,birth_month,birth_year,,,,,,,
births_input,INDIVIDUAL,FAMREC,kidid,source,BIRTH_DATE,,,,Event,,birth_day,birth_month,birth_year,,,,,,,
births_input,INDIVIDUAL,FAMREC,kidid,source,BIRTH_LOCATION,birthloc,,birthloc_id,Declared,,birth_day,birth_month,birth_year,,,,,,,
places_input,CONTEXT,FAMREC,placeid,,LEVEL,level,,,,,,,,,,,,,,Time_Invariant
places_input,CONTEXT,FAMREC,placeid,,NAME,place,,,,,,,,,,,,,,Time_Invariant
