parid,hfirst,hlast,wfirst,wlast,hocc,wocc,hid,wid,marriage_day,marriage_month,marriage_year,marrloc,marrloc_id,source
1000,Franklin,Edwards,Nell,Kim,Salesperson,Eye,10001,10002,27,3,1786,Watts,104,Marriages
1001,Tristram,Hernandez,Marina,Kennedy,Police,Banker,10011,10012,24,5,1778,Tarzana,128,Marriages
1002,Bradford,Fisher,Cynthia,Vasquez,Historian,Film,10021,10022,27,6,1759,Glassell,101,Marriages
1003,Oliver,Peterson,Antonia,Porter,Designer,Maitre,10031,10032,29,8,1737,Montecito,137,Marriages
1004,Morgan,Lee,Adeline,Woods,English,Science,10041,10042,14,11,1807,Hollywood,166,Marriages
1005,Roscoe,Fisher,Tamara,Wilson,Maitre,Mathematician,10051,10052,1,1,1821,Gramercy,169,Marriages
1006,Merlin,Miller,Katherine,Foster,Mathematician,Science,10061,10062,12,5,1749,Watts,104,Marriages
1007,Benedict,Gonzalez,Gloria,Harrison,Supervisor,Principal,10071,10072,20,3,1808,Watts,104,Marriages
1008,Kenneth,Warren,Annabel,Lee,Office,Supervisor,10081,10082,24,3,1756,Monterey,120,Marriages
1009,Roderic,Jackson,Stacy,Schmidt,Builder,Maitre,10091,10092,30,7,1730,West,113,Marriages
1010,Adrian,Coleman,Sibyl,Harrison,Salesperson,Doctor,10101,10102,12,1,1753,Garvanza,163,Marriages
1011,Luther,Gonzalez,Cornelia,Russell,Doctor,Banks,10111,10112,22,4,1741,Sawtelle,115,Marriages
1012,Lionel,Holmes,Felicia,Gonzales,School,Guard,10121,10122,27,2,1797,Glassell,101,Marriages
1013,Tristram,Clark,Cornelia,Lopez,Historian,Eye,10131,10132,14,8,1743,Faircrest,126,Marriages
1014,Emery,Wood,Dorothy,Wallace,Construction,Judge,10141,10142,19,7,1782,Hollywood,166,Marriages
1015,Basil,Brown,Leona,Boyd,Chef,Schoolteacher,10151,10152,25,4,1760,Westdale,149,Marriages
1016,Carol,Hamilton,Charlotte,Miller,Builder,Judge,10161,10162,7,7,1805,Lafayette,151,Marriages
1017,Adrian,Butler,Muriel,Ward,Police,Musician,10171,10172,17,9,1807,Tarzana,128,Marriages
1018,Garrett,Phillips,Katherine,Ross,Seller,Sales,10181,10182,18,6,1740,Sunland,160,Marriages
1019,Dominic,Mendoza,Shauna,Wright,Journalist,Welder,10191,10192,9,2,1802,Arlington,121,Marriages
1020,Craig,Nguyen,Victoria,Russell,Musician,Guard,10201,10202,13,9,1764,Leimert,152,Marriages
1021,Alonso,Kelly,Mona,Thomas,Judge,Salesperson,10211,10212,2,2,1752,Spaulding,109,Marriages
1022,Karl,Peterson,Roxanne,West,Historian,Eye,10221,10222,1,11,1763,Watts,104,Marriages
1023,Benedict,Stevens,Matilda,Garcia,Film,Schoolteacher,10231,10232,22,4,1761,Cahuenga,129,Marriages
1024,Percival,Ortiz,Molly,Jordan,Eye,Film,10241,10242,13,2,1768,Brookside,139,Marriages
1025,Ford,Powell,Anna,Fox,Science,Banks,10251,10252,18,9,1818,Glassell,101,Marriages
1026,Victor,Robertson,Emma,Scott,Judge,Principal,10261,10262,6,8,1798,Pacific,108,Marriages
1027,Ron,Black,Shirley,Hill,Historian,Judge,10271,10272,28,10,1820,Windsor,147,Marriages
1028,Bernard,Porter,Eveline,Ford,Office,English,10281,10282,21,11,1791,Sylmar,123,Marriages
1029,Wilson,Reynolds,Harriet,Burns,Art,Supervisor,10291,10292,26,5,1763,Sawtelle,115,Marriages
1030,Morgan,Snyder,Darlene,Ellis,Restaurants,Science,10301,10302,7,6,1778,Pacoima,140,Marriages
1031,Malcolm,Castillo,Eunice,Carter,General,Doctor,10311,10312,15,8,1760,Highland,134,Marriages
1032,Sean,Jenkins,Sonia,Torres,Film,Cardiologist,10321,10322,5,11,1740,Hollywood,166,Marriages
1033,Quincy,Walker,Eloise,Cook,Office,Builder,10331,10332,26,8,1735,Toluca,118,Marriages
1034,Tracy,Porter,Frances,Holmes,Schoolteacher,Journalist,10341,10342,6,4,1732,Sunset,111,Marriages
1035,Eugene,Long,Ruth,Smith,Supervisor,Schoolteacher,10351,10352,12,7,1798,Jefferson,156,Marriages
1036,Shannon,Brooks,Abigail,Collins,Historian,Artist,10361,10362,6,11,1807,Sunland,160,Marriages
1037,Kelly,Nguyen,Ellen,Clark,Art,Nurse,10371,10372,6,5,1793,Canoga,122,Marriages
1038,Harvey,Kelly,Roberta,Clark,Guard,President,10381,10382,14,5,1740,Highland,134,Marriages
1039,Kelly,Sullivan,Aurora,Griffin,Designer,Doctor,10391,10392,15,7,1804,Garvanza,163,Marriages
1040,Lincoln,Henderson,Ernestine,Moreno,President,Office,10401,10402,17,4,1759,Griffith,142,Marriages
1041,Corey,Murray,Melinda,Simpson,Journalist,Writer,10411,10412,13,5,1746,Whitley,135,Marriages
1042,Brenton,Thompson,Emily,Vasquez,Guard,Personnel,10421,10422,28,8,1793,Montecito,137,Marriages
1043,Julian,Turner,Peggy,Hall,Musician,Welder,10431,10432,6,10,1788,Lafayette,151,Marriages
1044,Dominic,Gonzales,Virginia,Romero,Sales,Science,10441,10442,30,5,1755,Canterbury,170,Marriages
1045,Leslie,Stone,Dell,Ford,Supervisor,School,10451,10452,12,5,1761,Winnetka,153,Marriages
1046,Joshua,Perry,Michelle,Hughes,Director,Maitre,10461,10462,11,8,1794,Benedict,133,Marriages
1047,Montague,Collins,Martha,Burns,Banks,General,10471,10472,4,3,1803,Beachwood,165,Marriages
1048,Peter,Graham,Dolores,Hughes,Musician,Principal,10481,10482,27,9,1756,Winnetka,153,Marriages
1049,Bartholomew,Hughes,Roxanne,Butler,Medicine,Writer,10491,10492,10,2,1825,Whitley,135,Marriages
1050,Brady,Griffin,April,Powell,Chef,Banker,10501,10502,8,9,1728,Hermon,171,Marriages
1051,Peter,Johnson,Jill,Fisher,Medicine,Office,10511,10512,30,5,1762,Winnetka,153,Marriages
1052,Silas,Schmidt,Octavia,Morgan,Banks,Judge,10521,10522,24,6,1809,Whitley,135,Marriages
1053,Bernard,Kelly,Phoebe,Kennedy,Scientist,Historian,10531,10532,16,7,1764,Mandeville,154,Marriages
1054,Zachary,Russell,Viola,Collins,Science,Salesperson,10541,10542,15,6,1787,Lafayette,151,Marriages
1055,Seymour,Gutierrez,Joanna,Jenkins,Artist,General,10551,10552,21,11,1768,Faircrest,126,Marriages
1056,Elton,Howard,Hope,Diaz,Sales,Nurse,10561,10562,11,11,1783,Garvanza,163,Marriages
1057,Elton,Perez,Ellen,Cook,Artist,Writer,10571,10572,13,1,1753,Beachwood,165,Marriages
1058,Ignatius,Miller,Lily,Walker,Engineer,Art,10581,10582,19,3,1734,Arlington,121,Marriages
1059,Doyle,James,Christine,Baker,Cardiologist,Police,10591,10592,6,3,1722,West,113,Marriages
1060,Randolph,Patel,Frederica,Burns,Supervisor,Director,10601,10602,13,3,1802,Canterbury,170,Marriages
1061,Gerald,West,Molly,Harrison,Police,Sales,10611,10612,9,4,1825,Montecito,137,Marriages
1062,Nelson,Harris,Hillary,Kim,Police,Office,10621,10622,24,11,1765,Chesterfield,116,Marriages
1063,Sidney,Jones,Adeline,Young,Law,Film,10631,10632,19,9,1779,Baldwin,164,Marriages
1064,Byron,Perez,Tanya,Marshall,Principal,Restaurants,10641,10642,18,6,1802,Tujunga,130,Marriages
1065,Kevin,Reyes,Alfreda,Campbell,Schoolteacher,Engineer,10651,10652,11,5,1754,Faircrest,126,Marriages
1066,Roman,Bailey,Marietta,Sanders,Eye,Schoolteacher,10661,10662,11,5,1782,Whitley,135,Marriages
1067,Byron,Bailey,Rosaline,Wood,Sales,Restaurants,10671,10672,14,4,1731,Sawtelle,115,Marriages
1068,Laurence,Gonzales,Nora,Cruz,Engineer,Maitre,10681,10682,16,8,1733,Reseda,124,Marriages
1069,Orville,Snyder,Octavia,Williams,Banks,Supervisor,10691,10692,25,2,1771,Windsor,147,Marriages
1070,Leslie,Kennedy,Charity,Morgan,President,President,10701,10702,4,1,1738,Granada,144,Marriages
1071,Kenneth,Rivera,Lucille,Simmons,Sales,Law,10711,10712,12,9,1749,Lincoln,119,Marriages
1072,Kenneth,Russell,Nadine,Meyer,Welder,Director,10721,10722,10,8,1775,Larchmont,145,Marriages
1073,Everett,Henry,Sharon,Turner,Police,Personnel,10731,10732,29,8,1801,Cahuenga,129,Marriages
1074,Stephen,Foster,Minnie,Peterson,President,Seller,10741,10742,11,6,1733,Westchester,150,Marriages
1075,Luther,Harrison,Rosabel,Patterson,Banks,Principal,10751,10752,16,4,1803,Beachwood,165,Marriages
1076,Jacob,Kelly,Agnes,Rogers,Artist,Builder,10761,10762,23,7,1795,Garvanza,163,Marriages
1077,Joseph,James,Clemency,Gutierrez,School,Principal,10771,10772,19,2,1805,Arlington,121,Marriages
1078,John,Reyes,Josephine,Taylor,Banker,Film,10781,10782,26,4,1786,Highland,134,Marriages
1079,Vernon,Garcia,Dominique,Castillo,Cardiologist,Musician,10791,10792,21,8,1752,Franklin,172,Marriages
1080,Clement,Smith,Doreen,Martinez,Art,Cardiologist,10801,10802,26,11,1784,Lafayette,151,Marriages
1081,Leopold,Barnes,Arlene,Meyer,Management,Art,10811,10812,26,1,1740,Crestwood,168,Marriages
1082,Morgan,Harrison,Pansy,Rose,Restaurants,Personnel,10821,10822,1,5,1750,Franklin,172,Marriages
1083,Everard,Carter,Camille,Davis,Schoolteacher,Management,10831,10832,26,2,1818,Northridge,106,Marriages
1084,Lynn,Gray,Morgan,Taylor,Banks,Art,10841,10842,5,6,1809,Reseda,124,Marriages
1085,Tobias,Cook,Roseanna,Woods,Writer,Scientist,10851,10852,9,9,1795,Watts,104,Marriages
1086,Vernon,Burns,Susan,Ramirez,Medicine,Restaurants,10861,10862,9,5,1773,Brentwood,155,Marriages
1087,Merlin,Chavez,April,Thompson,Doctor,Salesperson,10871,10872,13,11,1810,Encino,146,Marriages
1088,Casey,Butler,Melanie,Richardson,Supervisor,Seller,10881,10882,11,11,1738,Beverly,141,Marriages
1089,Albert,Gonzalez,Sharon,Wagner,Musician,Doctor,10891,10892,6,11,1766,Spaulding,109,Marriages
1090,Herbert,Johnson,Iris,Cook,Historian,Designer,10901,10902,16,11,1766,Brookside,139,Marriages
1091,Wiley,Ford,Mary,Fox,Writer,Banker,10911,10912,9,4,1745,Mandeville,154,Marriages
1092,Archibald,Robinson,Lisa,Mendoza,Doctor,Police,10921,10922,1,10,1798,Pacific,108,Marriages
1093,Derek,Davis,Prudence,Bailey,Writer,General,10931,10932,26,11,1782,Arleta,107,Marriages
1094,Baldwin,Rogers,Hannah,Kim,Sales,Builder,10941,10942,27,8,1818,Monterey,120,Marriages
1095,Michael,Rivera,Ruth,Williams,Journalist,Welder,10951,10952,7,1,1814,Crestwood,168,Marriages
1096,Michael,Allen,Francine,Stone,Builder,Welder,10961,10962,17,7,1777,Broadway,131,Marriages
1097,Cedric,Patel,Pansy,Watson,Seller,School,10971,10972,10,7,1795,Florence,161,Marriages
1098,Andrew,Stewart,Marina,Smith,Sales,Banker,10981,10982,5,5,1753,Carthay,158,Marriages
1099,Karl,Harris,Bertha,Black,Musician,Journalist,10991,10992,10,9,1734,Boyle,136,Marriages
