place,placeid,level,nested_in,relvar
Los Angeles,100,Muncipality,1,Muncipality in State
California,1,State,,
Glassell,101,Neighborhood,100,Neighborhood in Muncipality
Chatsworth,102,Neighborhood,100,Neighborhood in Muncipality
Westwood,103,Neighborhood,100,Neighborhood in Muncipality
Watts,104,Neighborhood,100,Neighborhood in Muncipality
Edendale,105,Neighborhood,100,Neighborhood in Muncipality
Northridge,106,Neighborhood,100,Neighborhood in Muncipality
Arleta,107,Neighborhood,100,Neighborhood in Muncipality
Pacific,108,Neighborhood,100,Neighborhood in Muncipality
Spaulding,109,Neighborhood,100,Neighborhood in Muncipality
Melrose,110,Neighborhood,100,Neighborhood in Muncipality
Sunset,111,Neighborhood,100,Neighborhood in Muncipality
Atwater,112,Neighborhood,100,Neighborhood in Muncipality
West,113,Neighborhood,100,Neighborhood in Muncipality
Palms,114,Neighborhood,100,Neighborhood in Muncipality
Sawtelle,115,Neighborhood,100,Neighborhood in Muncipality
Chesterfield,116,Neighborhood,100,Neighborhood in Muncipality
Westlake,117,Neighborhood,100,Neighborhood in Muncipality
Toluca,118,Neighborhood,100,Neighborhood in Muncipality
Lincoln,119,Neighborhood,100,Neighborhood in Muncipality
Monterey,120,Neighborhood,100,Neighborhood in Muncipality
Arlington,121,Neighborhood,100,Neighborhood in Muncipality
Canoga,122,Neighborhood,100,Neighborhood in Muncipality
Sylmar,123,Neighborhood,100,Neighborhood in Muncipality
Reseda,124,Neighborhood,100,Neighborhood in Muncipality
Marina,125,Neighborhood,100,Neighborhood in Muncipality
Faircrest,126,Neighborhood,100,Neighborhood in Muncipality
Fairfax,127,Neighborhood,100,Neighborhood in Muncipality
Tarzana,128,Neighborhood,100,Neighborhood in Muncipality
Cahuenga,129,Neighborhood,100,Neighborhood in Muncipality
Tujunga,130,Neighborhood,100,Neighborhood in Muncipality
Broadway,131,Neighborhood,100,Neighborhood in Muncipality
Crenshaw,132,Neighborhood,100,Neighborhood in Muncipality
Benedict,133,Neighborhood,100,Neighborhood in Muncipality
Highland,134,Neighborhood,100,Neighborhood in Muncipality
Whitley,135,Neighborhood,100,Neighborhood in Muncipality
Boyle,136,Neighborhood,100,Neighborhood in Muncipality
Montecito,137,Neighborhood,100,Neighborhood in Muncipality
Reynier,138,Neighborhood,100,Neighborhood in Muncipality
Brookside,139,Neighborhood,100,Neighborhood in Muncipality
Pacoima,140,Neighborhood,100,Neighborhood in Muncipality
Beverly,141,Neighborhood,100,Neighborhood in Muncipality
Griffith,142,Neighborhood,100,Neighborhood in Muncipality
Panorama,143,Neighborhood,100,Neighborhood in Muncipality
Granada,144,Neighborhood,100,Neighborhood in Muncipality
Larchmont,145,Neighborhood,100,Neighborhood in Muncipality
Encino,146,Neighborhood,100,Neighborhood in Muncipality
Windsor,147,Neighborhood,100,Neighborhood in Muncipality
Beverlywood,148,Neighborhood,100,Neighborhood in Muncipality
Westdale,149,Neighborhood,100,Neighborhood in Muncipality
Westchester,150,Neighborhood,100,Neighborhood in Muncipality
Lafayette,151,Neighborhood,100,Neighborhood in Muncipality
Leimert,152,Neighborhood,100,Neighborhood in Muncipality
Winnetka,153,Neighborhood,100,Neighborhood in Muncipality
Mandeville,154,Neighborhood,100,Neighborhood in Muncipality
Brentwood,155,Neighborhood,100,Neighborhood in Muncipality
Jefferson,156,Neighborhood,100,Neighborhood in Muncipality
Valley,157,Neighborhood,100,Neighborhood in Muncipality
Carthay,158,Neighborhood,100,Neighborhood in Muncipality
Westside,159,Neighborhood,100,Neighborhood in Muncipality
Sunland,160,Neighborhood,100,Neighborhood in Muncipality
Florence,161,Neighborhood,100,Neighborhood in Muncipality
Laurel,162,Neighborhood,100,Neighborhood in Muncipality
Garvanza,163,Neighborhood,100,Neighborhood in Muncipality
Baldwin,164,Neighborhood,100,Neighborhood in Muncipality
Beachwood,165,Neighborhood,100,Neighborhood in Muncipality
Hollywood,166,Neighborhood,100,Neighborhood in Muncipality
Cypress,167,Neighborhood,100,Neighborhood in Muncipality
Crestwood,168,Neighborhood,100,Neighborhood in Muncipality
Gramercy,169,Neighborhood,100,Neighborhood in Muncipality
Canterbury,170,Neighborhood,100,Neighborhood in Muncipality
Hermon,171,Neighborhood,100,Neighborhood in Muncipality
Franklin,172,Neighborhood,100,Neighborhood in Muncipality
