Tablename,Relationshiptype,DatabaseID,FromentityID,ToentityID,Source,Relation,Relationvariable,Datetype,dateEstimationType,Day,Month,Year,Startday,Startmonth,Startyear,Endday,Endmonth,Endyear,dateMissingType
marriages_input,INDIV_INDIV,FAMREC,hid,wid,source,Husband,,Declared,,marriage_day,marriage_month,marriage_year,,,,,,,
marriages_input,INDIV_INDIV,FAMREC,wid,hid,source,Wife,,Declared,,marriage_day,marriage_month,marriage_year,,,,,,,
births_input,INDIV_INDIV,FAMREC,dadid,kidid,source,Father,,Declared,,birth_day,birth_month,birth_year,,,,,,,
births_input,INDIV_INDIV,FAMREC,kidid,dadid,source,Child,,Declared,,birth_day,birth_month,birth_year,,,,,,,
births_input,INDIV_INDIV,FAMREC,momid,kidid,source,Mother,,Declared,,birth_day,birth_month,birth_year,,,,,,,
births_input,INDIV_INDIV,FAMREC,kidid,momid,source,Child,,Declared,,birth_day,birth_month,birth_year,,,,,,,
places_input,CONTEXT_CONTEXT,FAMREC,placeid,nested_in,,,relvar,,,,,,,,,,,,time_invariant
marriages_input,INDIV_CONTEXT,FAMREC,hid,marrloc_id,source,,,Declared,,marriage_day,marriage_month,marriage_year,,,,,,,
marriages_input,INDIV_CONTEXT,FAMREC,wid,marrloc_id,source,,,Declared,,marriage_day,marriage_month,marriage_year,,,,,,,
births_input,INDIV_CONTEXT,FAMREC,kidid,birthloc_id,source,,,Declared,,birth_day,birth_month,birth_year,,,,,,,
deaths_input,INDIV_CONTEXT,FAMREC,idi,deathloc_id,source,,,Declared,,death_day,death_month,death_year,,,,,,,
