parid,name,lastname,birth,birthloc,kidid,source_table,momid,dadid,birth_day,birth_month,birth_year,birthloc_id
1000,Mona,Edwards,1788-05-22,Watts,100001,CHILDREN,10002,10001,22,5,1788,104
1001,Lora,Hernandez,1780-07-27,Tarzana,100101,CHILDREN,10012,10011,27,7,1780,128
1001,Cameron,Hernandez,1782-09-05,Tarzana,100102,CHILDREN,10012,10011,5,9,1782,128
1001,Roman,Hernandez,1784-04-10,Tarzana,100103,CHILDREN,10012,10011,10,4,1784,128
1001,Judith,Hernandez,1786-02-25,Tarzana,100104,CHILDREN,10012,10011,25,2,1786,128
1001,Roger,Hernandez,1788-11-25,Arleta,100105,CHILDREN,10012,10011,25,11,1788,107
1001,Stacy,Hernandez,1790-11-02,Arleta,100106,CHILDREN,10012,10011,2,11,1790,107
1001,Bertha,Hernandez,1792-02-27,Arleta,100107,CHILDREN,10012,10011,27,2,1792,107
1002,Vincent,Fisher,1761-06-05,Glassell,100201,CHILDREN,10022,10021,5,6,1761,101
1002,Darrell,Fisher,1763-02-21,Glassell,100202,CHILDREN,10022,10021,21,2,1763,101
1002,Lindon,Fisher,1765-08-19,Glassell,100203,CHILDREN,10022,10021,19,8,1765,101
1002,Noel,Fisher,1767-01-05,Glassell,100204,CHILDREN,10022,10021,5,1,1767,101
1003,Shauna,Peterson,1739-11-06,Montecito,100301,CHILDREN,10032,10031,6,11,1739,137
1003,Thelma,Peterson,1741-02-11,Montecito,100302,CHILDREN,10032,10031,11,2,1741,137
1004,Aurora,Lee,1809-09-24,Hollywood,100401,CHILDREN,10042,10041,24,9,1809,166
1004,Shannon,Lee,1811-06-28,Hollywood,100402,CHILDREN,10042,10041,28,6,1811,166
1005,Peggy,Fisher,1823-04-06,Gramercy,100501,CHILDREN,10052,10051,6,4,1823,169
1005,Kendall,Fisher,1825-05-04,Gramercy,100502,CHILDREN,10052,10051,4,5,1825,169
1006,Darrell,Miller,1751-01-20,Watts,100601,CHILDREN,10062,10061,20,1,1751,104
1006,Yvette,Miller,1753-03-16,Watts,100602,CHILDREN,10062,10061,16,3,1753,104
1006,Tobias,Miller,1755-02-18,Watts,100603,CHILDREN,10062,10061,18,2,1755,104
1006,Harriet,Miller,1757-07-23,Watts,100604,CHILDREN,10062,10061,23,7,1757,104
1006,James,Miller,1759-05-22,Watts,100605,CHILDREN,10062,10061,22,5,1759,104
1007,Brady,Gonzalez,1810-10-04,Watts,100701,CHILDREN,10072,10071,4,10,1810,104
1008,Irma,Warren,1758-02-26,Monterey,100801,CHILDREN,10082,10081,26,2,1758,120
1008,Fergus,Warren,1760-07-03,Monterey,100802,CHILDREN,10082,10081,3,7,1760,120
1009,Arabella,Jackson,1732-05-12,West,100901,CHILDREN,10092,10091,12,5,1732,113
1010,Miles,Coleman,1755-10-27,Garvanza,101001,CHILDREN,10102,10101,27,10,1755,163
1010,Maribel,Coleman,1757-07-01,Garvanza,101002,CHILDREN,10102,10101,1,7,1757,163
1010,Daphne,Coleman,1759-04-08,Garvanza,101003,CHILDREN,10102,10101,8,4,1759,163
1011,Louis,Gonzalez,1743-09-23,Sawtelle,101101,CHILDREN,10112,10111,23,9,1743,115
1011,Leticia,Gonzalez,1745-07-26,Sawtelle,101102,CHILDREN,10112,10111,26,7,1745,115
1012,Hillary,Holmes,1799-06-20,Glassell,101201,CHILDREN,10122,10121,20,6,1799,101
1012,Kyle,Holmes,1801-06-19,Glassell,101202,CHILDREN,10122,10121,19,6,1801,101
1012,Estelle,Holmes,1803-03-26,Glassell,101203,CHILDREN,10122,10121,26,3,1803,101
1012,Saul,Holmes,1805-01-16,Glassell,101204,CHILDREN,10122,10121,16,1,1805,101
1012,Belle,Holmes,1807-11-17,Glassell,101205,CHILDREN,10122,10121,17,11,1807,101
1013,Marina,Clark,1745-03-08,Faircrest,101301,CHILDREN,10132,10131,8,3,1745,126
1013,Antoinette,Clark,1747-10-04,Faircrest,101302,CHILDREN,10132,10131,4,10,1747,126
1013,Aurora,Clark,1749-02-09,Faircrest,101303,CHILDREN,10132,10131,9,2,1749,126
1013,Augustus,Clark,1751-04-23,Faircrest,101304,CHILDREN,10132,10131,23,4,1751,126
1013,Morgan,Clark,1753-07-06,Faircrest,101305,CHILDREN,10132,10131,6,7,1753,126
1013,Nettie,Clark,1755-11-15,Faircrest,101306,CHILDREN,10132,10131,15,11,1755,126
1014,Elijah,Wood,1784-06-10,Hollywood,101401,CHILDREN,10142,10141,10,6,1784,166
1014,Stanley,Wood,1786-04-08,Hollywood,101402,CHILDREN,10142,10141,8,4,1786,166
1014,Clark,Wood,1788-04-17,Hollywood,101403,CHILDREN,10142,10141,17,4,1788,166
1014,Alonso,Wood,1790-11-25,Hollywood,101404,CHILDREN,10142,10141,25,11,1790,166
1014,Rodney,Wood,1792-01-05,Hollywood,101405,CHILDREN,10142,10141,5,1,1792,166
1014,Lyle,Wood,1794-09-01,Hollywood,101406,CHILDREN,10142,10141,1,9,1794,166
1015,Dorian,Brown,1762-07-06,Westdale,101501,CHILDREN,10152,10151,6,7,1762,149
1015,Polly,Brown,1764-10-16,Westdale,101502,CHILDREN,10152,10151,16,10,1764,149
1015,Pamela,Brown,1766-11-16,Westdale,101503,CHILDREN,10152,10151,16,11,1766,149
1015,Brandon,Brown,1768-02-01,Westdale,101504,CHILDREN,10152,10151,1,2,1768,149
1016,Leticia,Hamilton,1807-11-24,Lafayette,101601,CHILDREN,10162,10161,24,11,1807,151
1016,Clifford,Hamilton,1809-07-11,Lafayette,101602,CHILDREN,10162,10161,11,7,1809,151
1016,Fabian,Hamilton,1811-03-05,Lafayette,101603,CHILDREN,10162,10161,5,3,1811,151
1016,June,Hamilton,1813-04-21,Lafayette,101604,CHILDREN,10162,10161,21,4,1813,151
1016,Roland,Hamilton,1815-05-14,Lafayette,101605,CHILDREN,10162,10161,14,5,1815,151
1016,Francesca,Hamilton,1817-02-13,Lafayette,101606,CHILDREN,10162,10161,13,2,1817,151
1017,Karen,Butler,1809-09-21,Tarzana,101701,CHILDREN,10172,10171,21,9,1809,128
1017,Joshua,Butler,1811-08-27,Tarzana,101702,CHILDREN,10172,10171,27,8,1811,128
1017,Nina,Butler,1813-01-01,Tarzana,101703,CHILDREN,10172,10171,1,1,1813,128
1018,Alexandra,Phillips,1742-03-10,Sunland,101801,CHILDREN,10182,10181,10,3,1742,160
1018,Henry,Phillips,1744-02-04,Sunland,101802,CHILDREN,10182,10181,4,2,1744,160
1018,Elbert,Phillips,1746-07-03,Sunland,101803,CHILDREN,10182,10181,3,7,1746,160
1018,Vivian,Phillips,1748-06-12,Sunland,101804,CHILDREN,10182,10181,12,6,1748,160
1018,Alison,Phillips,1750-10-06,Sunland,101805,CHILDREN,10182,10181,6,10,1750,160
1018,Monroe,Phillips,1752-09-01,Sunland,101806,CHILDREN,10182,10181,1,9,1752,160
1019,Silvester,Mendoza,1804-11-27,Arlington,101901,CHILDREN,10192,10191,27,11,1804,121
1019,Miles,Mendoza,1806-01-11,Arlington,101902,CHILDREN,10192,10191,11,1,1806,121
1019,Pamela,Mendoza,1808-10-10,Arlington,101903,CHILDREN,10192,10191,10,10,1808,121
1019,Ulysses,Mendoza,1810-03-19,Arlington,101904,CHILDREN,10192,10191,19,3,1810,121
1020,Noah,Nguyen,1766-05-17,Leimert,102001,CHILDREN,10202,10201,17,5,1766,152
1020,Jenny,Nguyen,1768-09-12,Leimert,102002,CHILDREN,10202,10201,12,9,1768,152
1020,Henrietta,Nguyen,1770-03-19,Leimert,102003,CHILDREN,10202,10201,19,3,1770,152
1020,Selina,Nguyen,1772-07-22,Leimert,102004,CHILDREN,10202,10201,22,7,1772,152
1020,Andrew,Nguyen,1774-06-21,Lafayette,102005,CHILDREN,10202,10201,21,6,1774,151
1021,Doyle,Kelly,1754-09-02,Spaulding,102101,CHILDREN,10212,10211,2,9,1754,109
1021,Sharon,Kelly,1756-06-07,Spaulding,102102,CHILDREN,10212,10211,7,6,1756,109
1021,Lottie,Kelly,1758-03-11,Spaulding,102103,CHILDREN,10212,10211,11,3,1758,109
1021,Crystal,Kelly,1760-10-01,Spaulding,102104,CHILDREN,10212,10211,1,10,1760,109
1021,Everett,Kelly,1762-05-15,Spaulding,102105,CHILDREN,10212,10211,15,5,1762,109
1022,Elsie,Peterson,1765-06-29,Watts,102201,CHILDREN,10222,10221,29,6,1765,104
1023,Jeannette,Stevens,1763-08-08,Cahuenga,102301,CHILDREN,10232,10231,8,8,1763,129
1024,Monroe,Ortiz,1770-05-30,Brookside,102401,CHILDREN,10242,10241,30,5,1770,139
1024,Madeline,Ortiz,1772-08-18,Brookside,102402,CHILDREN,10242,10241,18,8,1772,139
1024,Mildred,Ortiz,1774-09-21,Brookside,102403,CHILDREN,10242,10241,21,9,1774,139
1025,Maxine,Powell,1820-11-29,Glassell,102501,CHILDREN,10252,10251,29,11,1820,101
1025,Hillary,Powell,1822-10-08,Glassell,102502,CHILDREN,10252,10251,8,10,1822,101
1025,Aileen,Powell,1824-04-25,Glassell,102503,CHILDREN,10252,10251,25,4,1824,101
1025,Elton,Powell,1826-03-28,Glassell,102504,CHILDREN,10252,10251,28,3,1826,101
1025,Dominic,Powell,1828-02-04,Glassell,102505,CHILDREN,10252,10251,4,2,1828,101
1025,Hannah,Powell,1830-10-07,Glassell,102506,CHILDREN,10252,10251,7,10,1830,101
1025,Clayton,Powell,1832-10-23,Glassell,102507,CHILDREN,10252,10251,23,10,1832,101
1026,Daniel,Robertson,1800-10-05,Pacific,102601,CHILDREN,10262,10261,5,10,1800,108
1027,Lancelot,Black,1822-03-15,Windsor,102701,CHILDREN,10272,10271,15,3,1822,147
1027,Nora,Black,1824-08-26,Windsor,102702,CHILDREN,10272,10271,26,8,1824,147
1027,Roland,Black,1826-10-03,Windsor,102703,CHILDREN,10272,10271,3,10,1826,147
1027,Eustacia,Black,1828-10-04,Windsor,102704,CHILDREN,10272,10271,4,10,1828,147
1028,Duke,Porter,1793-09-15,Sylmar,102801,CHILDREN,10282,10281,15,9,1793,123
1028,Laureen,Porter,1795-06-12,Sylmar,102802,CHILDREN,10282,10281,12,6,1795,123
1028,Baldwin,Porter,1797-10-04,Sylmar,102803,CHILDREN,10282,10281,4,10,1797,123
1028,Alvin,Porter,1799-08-03,Sylmar,102804,CHILDREN,10282,10281,3,8,1799,123
1028,Calvin,Porter,1801-01-12,Sylmar,102805,CHILDREN,10282,10281,12,1,1801,123
1028,Natalie,Porter,1803-01-04,Sylmar,102806,CHILDREN,10282,10281,4,1,1803,123
1029,Dylan,Reynolds,1765-06-05,Sawtelle,102901,CHILDREN,10292,10291,5,6,1765,115
1029,Sheldon,Reynolds,1767-11-18,Sawtelle,102902,CHILDREN,10292,10291,18,11,1767,115
1030,Ivor,Snyder,1780-07-28,Pacoima,103001,CHILDREN,10302,10301,28,7,1780,140
1030,Delia,Snyder,1782-10-19,Pacoima,103002,CHILDREN,10302,10301,19,10,1782,140
1030,Tabitha,Snyder,1784-07-14,Pacoima,103003,CHILDREN,10302,10301,14,7,1784,140
1031,Ross,Castillo,1762-05-12,Highland,103101,CHILDREN,10312,10311,12,5,1762,134
1031,George,Castillo,1764-03-19,Highland,103102,CHILDREN,10312,10311,19,3,1764,134
1031,Deborah,Castillo,1766-06-01,Highland,103103,CHILDREN,10312,10311,1,6,1766,134
1031,Howard,Castillo,1768-09-09,Highland,103104,CHILDREN,10312,10311,9,9,1768,134
1031,Clyde,Castillo,1770-05-03,Highland,103105,CHILDREN,10312,10311,3,5,1770,134
1031,Elsie,Castillo,1772-05-15,Highland,103106,CHILDREN,10312,10311,15,5,1772,134
1031,Algernon,Castillo,1774-09-07,Highland,103107,CHILDREN,10312,10311,7,9,1774,134
1032,Rhoda,Jenkins,1742-05-03,Hollywood,103201,CHILDREN,10322,10321,3,5,1742,166
1032,Isabel,Jenkins,1744-06-24,Hollywood,103202,CHILDREN,10322,10321,24,6,1744,166
1033,Agnes,Walker,1737-07-28,Toluca,103301,CHILDREN,10332,10331,28,7,1737,118
1033,Lee,Walker,1739-08-02,Toluca,103302,CHILDREN,10332,10331,2,8,1739,118
1033,Shannon,Walker,1741-01-17,Toluca,103303,CHILDREN,10332,10331,17,1,1741,118
1033,Linda,Walker,1743-01-16,Toluca,103304,CHILDREN,10332,10331,16,1,1743,118
1033,Amabel,Walker,1745-11-14,Toluca,103305,CHILDREN,10332,10331,14,11,1745,118
1034,Vincent,Porter,1734-05-19,Sunset,103401,CHILDREN,10342,10341,19,5,1734,111
1035,Molly,Long,1800-07-11,Jefferson,103501,CHILDREN,10352,10351,11,7,1800,156
1035,Adam,Long,1802-08-18,Jefferson,103502,CHILDREN,10352,10351,18,8,1802,156
1035,Merrill,Long,1804-02-13,Jefferson,103503,CHILDREN,10352,10351,13,2,1804,156
1035,Madeline,Long,1806-01-15,Jefferson,103504,CHILDREN,10352,10351,15,1,1806,156
1035,Rhonda,Long,1808-05-16,Jefferson,103505,CHILDREN,10352,10351,16,5,1808,156
1035,Sidney,Long,1810-10-25,Jefferson,103506,CHILDREN,10352,10351,25,10,1810,156
1035,Ruby,Long,1812-05-13,Jefferson,103507,CHILDREN,10352,10351,13,5,1812,156
1036,Cornelia,Brooks,1809-03-15,Sunland,103601,CHILDREN,10362,10361,15,3,1809,160
1036,Alvin,Brooks,1811-10-14,Sunland,103602,CHILDREN,10362,10361,14,10,1811,160
1037,Raymond,Nguyen,1795-09-05,Canoga,103701,CHILDREN,10372,10371,5,9,1795,122
1038,Monica,Kelly,1742-02-03,Highland,103801,CHILDREN,10382,10381,3,2,1742,134
1039,Norman,Sullivan,1806-08-10,Garvanza,103901,CHILDREN,10392,10391,10,8,1806,163
1039,Elvis,Sullivan,1808-02-01,Garvanza,103902,CHILDREN,10392,10391,1,2,1808,163
1039,Oswald,Sullivan,1810-07-17,Garvanza,103903,CHILDREN,10392,10391,17,7,1810,163
1039,Gerald,Sullivan,1812-05-13,Garvanza,103904,CHILDREN,10392,10391,13,5,1812,163
1039,Morton,Sullivan,1814-06-10,Garvanza,103905,CHILDREN,10392,10391,10,6,1814,163
1040,Valerie,Henderson,1761-01-29,Griffith,104001,CHILDREN,10402,10401,29,1,1761,142
1041,Crystal,Murray,1748-11-24,Whitley,104101,CHILDREN,10412,10411,24,11,1748,135
1042,Kurt,Thompson,1795-10-21,Montecito,104201,CHILDREN,10422,10421,21,10,1795,137
1042,Neal,Thompson,1797-04-16,Montecito,104202,CHILDREN,10422,10421,16,4,1797,137
1042,Horace,Thompson,1799-11-03,Montecito,104203,CHILDREN,10422,10421,3,11,1799,137
1042,Felicia,Thompson,1801-02-18,Montecito,104204,CHILDREN,10422,10421,18,2,1801,137
1043,Francesca,Turner,1790-09-15,Lafayette,104301,CHILDREN,10432,10431,15,9,1790,151
1043,Ronald,Turner,1792-03-25,Lafayette,104302,CHILDREN,10432,10431,25,3,1792,151
1043,Tina,Turner,1794-08-05,Lafayette,104303,CHILDREN,10432,10431,5,8,1794,151
1043,Jasper,Turner,1796-09-24,Lafayette,104304,CHILDREN,10432,10431,24,9,1796,151
1043,Lyle,Turner,1798-03-19,Lafayette,104305,CHILDREN,10432,10431,19,3,1798,151
1043,Arnold,Turner,1800-01-07,Lafayette,104306,CHILDREN,10432,10431,7,1,1800,151
1043,Margaret,Turner,1802-04-21,Lafayette,104307,CHILDREN,10432,10431,21,4,1802,151
1043,Tristram,Turner,1804-04-18,Lafayette,104308,CHILDREN,10432,10431,18,4,1804,151
1044,Caren,Gonzales,1757-01-22,Canterbury,104401,CHILDREN,10442,10441,22,1,1757,170
1044,Xavier,Gonzales,1759-06-10,Canterbury,104402,CHILDREN,10442,10441,10,6,1759,170
1044,Cora,Gonzales,1761-06-28,Canterbury,104403,CHILDREN,10442,10441,28,6,1761,170
1044,Judith,Gonzales,1763-04-29,Canterbury,104404,CHILDREN,10442,10441,29,4,1763,170
1045,Ruby,Stone,1763-06-04,Winnetka,104501,CHILDREN,10452,10451,4,6,1763,153
1045,Stephanie,Stone,1765-07-03,Winnetka,104502,CHILDREN,10452,10451,3,7,1765,153
1045,Ervin,Stone,1767-11-23,Winnetka,104503,CHILDREN,10452,10451,23,11,1767,153
1045,Howard,Stone,1769-01-18,Winnetka,104504,CHILDREN,10452,10451,18,1,1769,153
1046,Peggy,Perry,1796-01-17,Benedict,104601,CHILDREN,10462,10461,17,1,1796,133
1046,Malcolm,Perry,1798-05-30,Benedict,104602,CHILDREN,10462,10461,30,5,1798,133
1046,Travis,Perry,1800-11-01,Benedict,104603,CHILDREN,10462,10461,1,11,1800,133
1046,Lewis,Perry,1802-11-26,Benedict,104604,CHILDREN,10462,10461,26,11,1802,133
1047,Warren,Collins,1805-01-09,Beachwood,104701,CHILDREN,10472,10471,9,1,1805,165
1047,Ryan,Collins,1807-04-14,Beachwood,104702,CHILDREN,10472,10471,14,4,1807,165
1048,Arlene,Graham,1758-07-14,Winnetka,104801,CHILDREN,10482,10481,14,7,1758,153
1048,Rosemary,Graham,1760-07-03,Winnetka,104802,CHILDREN,10482,10481,3,7,1760,153
1048,Iris,Graham,1762-03-16,Winnetka,104803,CHILDREN,10482,10481,16,3,1762,153
1048,Carlotta,Graham,1764-02-21,Winnetka,104804,CHILDREN,10482,10481,21,2,1764,153
1048,Jack,Graham,1766-04-02,Winnetka,104805,CHILDREN,10482,10481,2,4,1766,153
1048,Amelia,Graham,1768-04-14,Winnetka,104806,CHILDREN,10482,10481,14,4,1768,153
1048,Selma,Graham,1770-05-17,Winnetka,104807,CHILDREN,10482,10481,17,5,1770,153
1048,Tracy,Graham,1772-07-19,Winnetka,104808,CHILDREN,10482,10481,19,7,1772,153
1048,Karen,Graham,1774-07-19,Winnetka,104809,CHILDREN,10482,10481,19,7,1774,153
1049,Noel,Hughes,1827-01-25,Whitley,104901,CHILDREN,10492,10491,25,1,1827,135
1049,Madeline,Hughes,1829-10-14,Whitley,104902,CHILDREN,10492,10491,14,10,1829,135
1049,Brady,Hughes,1831-10-25,Whitley,104903,CHILDREN,10492,10491,25,10,1831,135
1050,Aaron,Griffin,1730-09-25,Hermon,105001,CHILDREN,10502,10501,25,9,1730,171
1050,Rosemary,Griffin,1732-02-07,Hermon,105002,CHILDREN,10502,10501,7,2,1732,171
1051,Agnes,Johnson,1764-09-29,Winnetka,105101,CHILDREN,10512,10511,29,9,1764,153
1052,Noah,Schmidt,1811-05-11,Whitley,105201,CHILDREN,10522,10521,11,5,1811,135
1052,Gabriel,Schmidt,1813-11-17,Whitley,105202,CHILDREN,10522,10521,17,11,1813,135
1052,Llewellyn,Schmidt,1815-04-12,Whitley,105203,CHILDREN,10522,10521,12,4,1815,135
1052,Rhoda,Schmidt,1817-11-16,Whitley,105204,CHILDREN,10522,10521,16,11,1817,135
1052,Francesca,Schmidt,1819-01-07,Whitley,105205,CHILDREN,10522,10521,7,1,1819,135
1053,Ada,Kelly,1766-04-26,Mandeville,105301,CHILDREN,10532,10531,26,4,1766,154
1053,Abraham,Kelly,1768-02-10,Mandeville,105302,CHILDREN,10532,10531,10,2,1768,154
1053,Alister,Kelly,1770-07-27,Mandeville,105303,CHILDREN,10532,10531,27,7,1770,154
1054,Tanya,Russell,1789-09-24,Lafayette,105401,CHILDREN,10542,10541,24,9,1789,151
1054,Angela,Russell,1791-10-13,Lafayette,105402,CHILDREN,10542,10541,13,10,1791,151
1054,Augustus,Russell,1793-07-26,Lafayette,105403,CHILDREN,10542,10541,26,7,1793,151
1054,Marilyn,Russell,1795-04-22,Lafayette,105404,CHILDREN,10542,10541,22,4,1795,151
1054,Victor,Russell,1797-04-07,Lafayette,105405,CHILDREN,10542,10541,7,4,1797,151
1054,Raquel,Russell,1799-10-26,Lafayette,105406,CHILDREN,10542,10541,26,10,1799,151
1055,Humphrey,Gutierrez,1770-08-13,Faircrest,105501,CHILDREN,10552,10551,13,8,1770,126
1055,Roseanna,Gutierrez,1772-01-09,Faircrest,105502,CHILDREN,10552,10551,9,1,1772,126
1055,Kurt,Gutierrez,1774-10-11,Faircrest,105503,CHILDREN,10552,10551,11,10,1774,126
1056,Brady,Howard,1785-11-29,Garvanza,105601,CHILDREN,10562,10561,29,11,1785,163
1056,Virginia,Howard,1787-10-18,Garvanza,105602,CHILDREN,10562,10561,18,10,1787,163
1057,Don,Perez,1755-11-04,Beachwood,105701,CHILDREN,10572,10571,4,11,1755,165
1057,Caren,Perez,1757-04-09,Beachwood,105702,CHILDREN,10572,10571,9,4,1757,165
1058,Jasper,Miller,1736-07-08,Arlington,105801,CHILDREN,10582,10581,8,7,1736,121
1058,Malcolm,Miller,1738-10-02,Arlington,105802,CHILDREN,10582,10581,2,10,1738,121
1058,Dwight,Miller,1740-06-12,Arlington,105803,CHILDREN,10582,10581,12,6,1740,121
1058,Bruno,Miller,1742-09-22,Arlington,105804,CHILDREN,10582,10581,22,9,1742,121
1059,Abel,James,1724-04-11,West,105901,CHILDREN,10592,10591,11,4,1724,113
1059,Dolores,James,1726-06-25,West,105902,CHILDREN,10592,10591,25,6,1726,113
1059,Adelaide,James,1728-05-14,West,105903,CHILDREN,10592,10591,14,5,1728,113
1059,Norma,James,1730-09-03,West,105904,CHILDREN,10592,10591,3,9,1730,113
1060,Darrell,Patel,1804-01-10,Canterbury,106001,CHILDREN,10602,10601,10,1,1804,170
1060,Louise,Patel,1806-09-10,Canterbury,106002,CHILDREN,10602,10601,10,9,1806,170
1060,Wesley,Patel,1808-03-23,Canterbury,106003,CHILDREN,10602,10601,23,3,1808,170
1060,Nelson,Patel,1810-03-21,Canterbury,106004,CHILDREN,10602,10601,21,3,1810,170
1060,Bradley,Patel,1812-07-24,Canterbury,106005,CHILDREN,10602,10601,24,7,1812,170
1061,Todd,West,1827-09-18,Montecito,106101,CHILDREN,10612,10611,18,9,1827,137
1062,Fergus,Harris,1767-07-30,Chesterfield,106201,CHILDREN,10622,10621,30,7,1767,116
1062,Emma,Harris,1769-07-03,Chesterfield,106202,CHILDREN,10622,10621,3,7,1769,116
1062,Wilbur,Harris,1771-02-26,Chesterfield,106203,CHILDREN,10622,10621,26,2,1771,116
1063,Constance,Jones,1781-06-26,Baldwin,106301,CHILDREN,10632,10631,26,6,1781,164
1063,Norbert,Jones,1783-04-06,Baldwin,106302,CHILDREN,10632,10631,6,4,1783,164
1063,Raphael,Jones,1785-09-22,Baldwin,106303,CHILDREN,10632,10631,22,9,1785,164
1063,Samson,Jones,1787-06-16,Baldwin,106304,CHILDREN,10632,10631,16,6,1787,164
1063,Nigel,Jones,1789-11-05,Baldwin,106305,CHILDREN,10632,10631,5,11,1789,164
1063,Renee,Jones,1791-02-27,Baldwin,106306,CHILDREN,10632,10631,27,2,1791,164
1064,Ophelia,Perez,1804-05-05,Tujunga,106401,CHILDREN,10642,10641,5,5,1804,130
1064,Morgan,Perez,1806-11-16,Tujunga,106402,CHILDREN,10642,10641,16,11,1806,130
1064,Corinne,Perez,1808-05-19,Tujunga,106403,CHILDREN,10642,10641,19,5,1808,130
1064,Reynold,Perez,1810-11-01,Tujunga,106404,CHILDREN,10642,10641,1,11,1810,130
1064,Charity,Perez,1812-02-03,Tujunga,106405,CHILDREN,10642,10641,3,2,1812,130
1065,Stephanie,Reyes,1756-09-07,Faircrest,106501,CHILDREN,10652,10651,7,9,1756,126
1065,Abigail,Reyes,1758-08-07,Faircrest,106502,CHILDREN,10652,10651,7,8,1758,126
1065,Penelope,Reyes,1760-07-07,Faircrest,106503,CHILDREN,10652,10651,7,7,1760,126
1066,Marion,Bailey,1784-11-22,Whitley,106601,CHILDREN,10662,10661,22,11,1784,135
1066,Karen,Bailey,1786-01-09,Whitley,106602,CHILDREN,10662,10661,9,1,1786,135
1067,Sibyl,Bailey,1733-09-11,Sawtelle,106701,CHILDREN,10672,10671,11,9,1733,115
1067,Daniel,Bailey,1735-05-22,Sawtelle,106702,CHILDREN,10672,10671,22,5,1735,115
1067,Elliot,Bailey,1737-10-10,Sawtelle,106703,CHILDREN,10672,10671,10,10,1737,115
1068,Leopold,Gonzales,1735-01-05,Reseda,106801,CHILDREN,10682,10681,5,1,1735,124
1068,Winston,Gonzales,1737-06-06,Reseda,106802,CHILDREN,10682,10681,6,6,1737,124
1069,Lois,Snyder,1773-11-11,Windsor,106901,CHILDREN,10692,10691,11,11,1773,147
1069,Katherine,Snyder,1775-01-04,Windsor,106902,CHILDREN,10692,10691,4,1,1775,147
1069,Caren,Snyder,1777-04-21,Windsor,106903,CHILDREN,10692,10691,21,4,1777,147
1069,Martha,Snyder,1779-04-28,Windsor,106904,CHILDREN,10692,10691,28,4,1779,147
1070,Ford,Kennedy,1740-11-21,Granada,107001,CHILDREN,10702,10701,21,11,1740,144
1071,Jean,Rivera,1751-10-17,Lincoln,107101,CHILDREN,10712,10711,17,10,1751,119
1072,Lee,Russell,1777-11-06,Larchmont,107201,CHILDREN,10722,10721,6,11,1777,145
1072,Penelope,Russell,1779-03-19,Larchmont,107202,CHILDREN,10722,10721,19,3,1779,145
1073,Paul,Henry,1803-10-12,Cahuenga,107301,CHILDREN,10732,10731,12,10,1803,129
1073,Cynthia,Henry,1805-04-28,Cahuenga,107302,CHILDREN,10732,10731,28,4,1805,129
1073,Winifred,Henry,1807-07-26,Cahuenga,107303,CHILDREN,10732,10731,26,7,1807,129
1073,Althea,Henry,1809-04-22,Cahuenga,107304,CHILDREN,10732,10731,22,4,1809,129
1073,Victor,Henry,1811-02-13,Westlake,107305,CHILDREN,10732,10731,13,2,1811,117
1073,Alphonso,Henry,1813-10-27,Westlake,107306,CHILDREN,10732,10731,27,10,1813,117
1073,Adele,Henry,1815-07-12,Westlake,107307,CHILDREN,10732,10731,12,7,1815,117
1074,Ada,Foster,1735-10-24,Westchester,107401,CHILDREN,10742,10741,24,10,1735,150
1074,Cecil,Foster,1737-01-04,Westchester,107402,CHILDREN,10742,10741,4,1,1737,150
1074,Arthur,Foster,1739-03-09,Westchester,107403,CHILDREN,10742,10741,9,3,1739,150
1074,Lillian,Foster,1741-05-19,Westchester,107404,CHILDREN,10742,10741,19,5,1741,150
1075,Susan,Harrison,1805-06-27,Beachwood,107501,CHILDREN,10752,10751,27,6,1805,165
1076,Andrew,Kelly,1797-06-17,Garvanza,107601,CHILDREN,10762,10761,17,6,1797,163
1076,Clare,Kelly,1799-01-08,Garvanza,107602,CHILDREN,10762,10761,8,1,1799,163
1076,Cora,Kelly,1801-09-06,Garvanza,107603,CHILDREN,10762,10761,6,9,1801,163
1076,Millicent,Kelly,1803-07-26,Garvanza,107604,CHILDREN,10762,10761,26,7,1803,163
1076,Norman,Kelly,1805-04-13,Garvanza,107605,CHILDREN,10762,10761,13,4,1805,163
1076,Shannon,Kelly,1807-08-27,Garvanza,107606,CHILDREN,10762,10761,27,8,1807,163
1077,Bertrand,James,1807-07-03,Arlington,107701,CHILDREN,10772,10771,3,7,1807,121
1077,Paul,James,1809-11-13,Arlington,107702,CHILDREN,10772,10771,13,11,1809,121
1077,Nathan,James,1811-08-13,Arlington,107703,CHILDREN,10772,10771,13,8,1811,121
1078,Ethel,Reyes,1788-11-27,Highland,107801,CHILDREN,10782,10781,27,11,1788,134
1078,Edwin,Reyes,1790-01-25,Highland,107802,CHILDREN,10782,10781,25,1,1790,134
1078,Andrew,Reyes,1792-07-10,Highland,107803,CHILDREN,10782,10781,10,7,1792,134
1078,Sheldon,Reyes,1794-11-24,Highland,107804,CHILDREN,10782,10781,24,11,1794,134
1078,Blanche,Reyes,1796-03-20,Highland,107805,CHILDREN,10782,10781,20,3,1796,134
1078,Anselm,Reyes,1798-07-14,Highland,107806,CHILDREN,10782,10781,14,7,1798,134
1078,Darlene,Reyes,1800-11-11,Highland,107807,CHILDREN,10782,10781,11,11,1800,134
1079,Howard,Garcia,1754-01-23,Franklin,107901,CHILDREN,10792,10791,23,1,1754,172
1079,Eveline,Garcia,1756-02-04,Franklin,107902,CHILDREN,10792,10791,4,2,1756,172
1079,Lucy,Garcia,1758-09-05,Franklin,107903,CHILDREN,10792,10791,5,9,1758,172
1080,Jessica,Smith,1786-02-24,Lafayette,108001,CHILDREN,10802,10801,24,2,1786,151
1080,Oscar,Smith,1788-05-27,Panorama,108002,CHILDREN,10802,10801,27,5,1788,143
1081,Bradford,Barnes,1742-06-17,Crestwood,108101,CHILDREN,10812,10811,17,6,1742,168
1082,Estelle,Harrison,1752-08-11,Franklin,108201,CHILDREN,10822,10821,11,8,1752,172
1082,Rowena,Harrison,1754-07-19,Franklin,108202,CHILDREN,10822,10821,19,7,1754,172
1083,Curtis,Carter,1820-10-11,Northridge,108301,CHILDREN,10832,10831,11,10,1820,106
1083,Horace,Carter,1822-05-21,Northridge,108302,CHILDREN,10832,10831,21,5,1822,106
1083,Zachary,Carter,1824-07-06,Northridge,108303,CHILDREN,10832,10831,6,7,1824,106
1083,Frances,Carter,1826-11-07,Northridge,108304,CHILDREN,10832,10831,7,11,1826,106
1083,Walter,Carter,1828-01-09,Northridge,108305,CHILDREN,10832,10831,9,1,1828,106
1083,Cecil,Carter,1830-04-01,Northridge,108306,CHILDREN,10832,10831,1,4,1830,106
1083,Adele,Carter,1832-05-27,Northridge,108307,CHILDREN,10832,10831,27,5,1832,106
1083,Hubert,Carter,1834-07-08,Northridge,108308,CHILDREN,10832,10831,8,7,1834,106
1083,Joceline,Carter,1836-05-14,Northridge,108309,CHILDREN,10832,10831,14,5,1836,106
1083,Calvin,Carter,1838-07-20,Northridge,108310,CHILDREN,10832,10831,20,7,1838,106
1083,Seth,Carter,1840-11-16,Northridge,108311,CHILDREN,10832,10831,16,11,1840,106
1084,Bennet,Gray,1811-04-05,Reseda,108401,CHILDREN,10842,10841,5,4,1811,124
1084,Aurora,Gray,1813-06-02,Reseda,108402,CHILDREN,10842,10841,2,6,1813,124
1084,Verna,Gray,1815-03-27,Toluca,108403,CHILDREN,10842,10841,27,3,1815,118
1084,Tabitha,Gray,1817-11-10,Toluca,108404,CHILDREN,10842,10841,10,11,1817,118
1084,Kristina,Gray,1819-04-24,Toluca,108405,CHILDREN,10842,10841,24,4,1819,118
1084,Gregory,Gray,1821-07-14,Toluca,108406,CHILDREN,10842,10841,14,7,1821,118
1085,Claudia,Cook,1797-08-15,Watts,108501,CHILDREN,10852,10851,15,8,1797,104
1085,Magdaline,Cook,1799-01-01,Watts,108502,CHILDREN,10852,10851,1,1,1799,104
1085,Laureen,Cook,1801-10-16,Watts,108503,CHILDREN,10852,10851,16,10,1801,104
1085,Troy,Cook,1803-05-12,Watts,108504,CHILDREN,10852,10851,12,5,1803,104
1085,Desmond,Cook,1805-08-10,Watts,108505,CHILDREN,10852,10851,10,8,1805,104
1085,Rebecca,Cook,1807-05-15,Watts,108506,CHILDREN,10852,10851,15,5,1807,104
1086,Randolph,Burns,1775-01-20,Brentwood,108601,CHILDREN,10862,10861,20,1,1775,155
1086,Lorraine,Burns,1777-05-24,Brentwood,108602,CHILDREN,10862,10861,24,5,1777,155
1086,Kenneth,Burns,1779-05-22,Brentwood,108603,CHILDREN,10862,10861,22,5,1779,155
1086,Stanley,Burns,1781-10-01,Brentwood,108604,CHILDREN,10862,10861,1,10,1781,155
1087,Martha,Chavez,1812-04-03,Encino,108701,CHILDREN,10872,10871,3,4,1812,146
1087,Douglas,Chavez,1814-02-23,Encino,108702,CHILDREN,10872,10871,23,2,1814,146
1087,Merlin,Chavez,1816-10-17,Encino,108703,CHILDREN,10872,10871,17,10,1816,146
1087,Quincy,Chavez,1818-07-13,Encino,108704,CHILDREN,10872,10871,13,7,1818,146
1087,Mark,Chavez,1820-11-11,Encino,108705,CHILDREN,10872,10871,11,11,1820,146
1087,Simeon,Chavez,1822-11-17,Encino,108706,CHILDREN,10872,10871,17,11,1822,146
1088,Bradley,Butler,1740-05-12,Beverly,108801,CHILDREN,10882,10881,12,5,1740,141
1088,Barbara,Butler,1742-07-08,Beverly,108802,CHILDREN,10882,10881,8,7,1742,141
1088,Lena,Butler,1744-11-03,Beverly,108803,CHILDREN,10882,10881,3,11,1744,141
1089,Ryan,Gonzalez,1768-07-10,Spaulding,108901,CHILDREN,10892,10891,10,7,1768,109
1089,Raymond,Gonzalez,1770-06-15,Spaulding,108902,CHILDREN,10892,10891,15,6,1770,109
1089,Tiffany,Gonzalez,1772-06-28,Spaulding,108903,CHILDREN,10892,10891,28,6,1772,109
1089,Jason,Gonzalez,1774-04-29,Spaulding,108904,CHILDREN,10892,10891,29,4,1774,109
1089,Daniel,Gonzalez,1776-09-26,Spaulding,108905,CHILDREN,10892,10891,26,9,1776,109
1089,Neal,Gonzalez,1778-06-28,Spaulding,108906,CHILDREN,10892,10891,28,6,1778,109
1089,Doyle,Gonzalez,1780-10-25,Spaulding,108907,CHILDREN,10892,10891,25,10,1780,109
1090,Charles,Johnson,1768-05-29,Brookside,109001,CHILDREN,10902,10901,29,5,1768,139
1090,Keith,Johnson,1770-05-28,Brookside,109002,CHILDREN,10902,10901,28,5,1770,139
1090,Joceline,Johnson,1772-10-05,Brookside,109003,CHILDREN,10902,10901,5,10,1772,139
1091,Dinah,Ford,1747-08-14,Mandeville,109101,CHILDREN,10912,10911,14,8,1747,154
1091,Lynn,Ford,1749-11-26,Mandeville,109102,CHILDREN,10912,10911,26,11,1749,154
1091,Marina,Ford,1751-10-17,Mandeville,109103,CHILDREN,10912,10911,17,10,1751,154
1092,Dale,Robinson,1800-03-25,Pacific,109201,CHILDREN,10922,10921,25,3,1800,108
1092,Ruth,Robinson,1802-05-09,Pacific,109202,CHILDREN,10922,10921,9,5,1802,108
1092,Gregory,Robinson,1804-05-10,Pacific,109203,CHILDREN,10922,10921,10,5,1804,108
1092,Nathan,Robinson,1806-07-21,Pacific,109204,CHILDREN,10922,10921,21,7,1806,108
1092,Ashley,Robinson,1808-02-11,Pacific,109205,CHILDREN,10922,10921,11,2,1808,108
1092,Cornelius,Robinson,1810-08-20,Pacific,109206,CHILDREN,10922,10921,20,8,1810,108
1093,Carl,Davis,1784-08-19,Arleta,109301,CHILDREN,10932,10931,19,8,1784,107
1093,Tristram,Davis,1786-04-22,Arleta,109302,CHILDREN,10932,10931,22,4,1786,107
1093,Thelma,Davis,1788-07-27,Arleta,109303,CHILDREN,10932,10931,27,7,1788,107
1093,Colleen,Davis,1790-09-17,Arleta,109304,CHILDREN,10932,10931,17,9,1790,107
1093,Immanuel,Davis,1792-08-25,Arleta,109305,CHILDREN,10932,10931,25,8,1792,107
1093,Annabel,Davis,1794-05-10,Arleta,109306,CHILDREN,10932,10931,10,5,1794,107
1094,William,Rogers,1820-10-23,Monterey,109401,CHILDREN,10942,10941,23,10,1820,120
1095,Viola,Rivera,1816-10-05,Crestwood,109501,CHILDREN,10952,10951,5,10,1816,168
1095,Violet,Rivera,1818-10-30,Crestwood,109502,CHILDREN,10952,10951,30,10,1818,168
1095,Ellen,Rivera,1820-07-27,Crestwood,109503,CHILDREN,10952,10951,27,7,1820,168
1095,Calvin,Rivera,1822-11-28,Crestwood,109504,CHILDREN,10952,10951,28,11,1822,168
1095,Dudley,Rivera,1824-11-02,Crestwood,109505,CHILDREN,10952,10951,2,11,1824,168
1095,Lynn,Rivera,1826-04-04,Crestwood,109506,CHILDREN,10952,10951,4,4,1826,168
1095,Ursula,Rivera,1828-08-22,Crestwood,109507,CHILDREN,10952,10951,22,8,1828,168
1096,Austin,Allen,1779-02-19,Broadway,109601,CHILDREN,10962,10961,19,2,1779,131
1096,Rodney,Allen,1781-01-25,Broadway,109602,CHILDREN,10962,10961,25,1,1781,131
1096,Thelma,Allen,1783-04-11,Broadway,109603,CHILDREN,10962,10961,11,4,1783,131
1096,Mona,Allen,1785-03-16,Broadway,109604,CHILDREN,10962,10961,16,3,1785,131
1097,Alan,Patel,1797-02-15,Florence,109701,CHILDREN,10972,10971,15,2,1797,161
1098,Seymour,Stewart,1755-03-02,Carthay,109801,CHILDREN,10982,10981,2,3,1755,158
1098,Howard,Stewart,1757-04-05,Carthay,109802,CHILDREN,10982,10981,5,4,1757,158
1099,Shirley,Harris,1736-11-03,Boyle,109901,CHILDREN,10992,10991,3,11,1736,136
1099,Amabel,Harris,1738-11-03,Boyle,109902,CHILDREN,10992,10991,3,11,1738,136
