tableName,entityType,databaseID,entityID,source,type,variableName,value,value_ID_C,dateType,dateEstimationType,day,month,year,startDay,startMonth,startYear,endDay,endMonth,endYear,dateMissingType
PARENTS_INPUT,INDIVIDUAL,FAMREC,hid,source_table,FIRST_NAME,hfirst,,,Declared,,marriage_day,marriage_month,marriage_year,,,,,,,
PARENTS_INPUT,INDIVIDUAL,FAMREC,hid,source_table,LAST_NAME,hlast,,,Declared,,marriage_day,marriage_month,marriage_year,,,,,,,
PARENTS_INPUT,INDIVIDUAL,FAMREC,hid,source_table,SEX,,Male,,,,,,,,,,,,,Time_Invariant
PARENTS_INPUT,INDIVIDUAL,FAMREC,hid,source_table,OCCUPATION,hocc,,,Declared,,marriage_day,marriage_month,marriage_year,,,,,,,
PARENTS_INPUT,INDIVIDUAL,FAMREC,hid,source_table,BIRTH_DATE,,,,Reported,,hbirth_day,hbirth_month,hbirth_year,,,,,,,
PARENTS_INPUT,INDIVIDUAL,FAMREC,hid,source_table,BIRTH_LOCATION,hbirthloc,,hbirthloc_id,Reported,,hbirth_day,hbirth_month,hbirth_year,,,,,,,
PARENTS_INPUT,INDIVIDUAL,FAMREC,hid,source_table,MARRIAGE_DATE,,,,Event,,marriage_day,marriage_month,marriage_year,,,,,,,
PARENTS_INPUT,INDIVIDUAL,FAMREC,hid,source_table,MARRIAGE_LOCATION,marrloc,,marrloc_id,Event,,marriage_day,marriage_month,marriage_year,,,,,,,
PARENTS_INPUT,INDIVIDUAL,FAMREC,hid,source_table,DEATH_DATE,,,,Event,,hdeath_day,hdeath_month,hdeath_year,,,,,,,
PARENTS_INPUT,INDIVIDUAL,FAMREC,hid,source_table,DEATH_LOCATION,hdeathloc,,hdeathloc_id,Event,,hdeath_day,hdeath_month,hdeath_year,,,,,,,
PARENTS_INPUT,INDIVIDUAL,FAMREC,wid,source_table,FIRST_NAME,wfirst,,,Declared,,marriage_day,marriage_month,marriage_year,,,,,,,
PARENTS_INPUT,INDIVIDUAL,FAMREC,wid,source_table,LAST_NAME,wlast,,,Declared,,marriage_day,marriage_month,marriage_year,,,,,,,
PARENTS_INPUT,INDIVIDUAL,FAMREC,wid,source_table,SEX,,Female,,,,,,,,,,,,,Time_Invariant
PARENTS_INPUT,INDIVIDUAL,FAMREC,wid,source_table,OCCUPATION,wocc,,,Declared,,marriage_day,marriage_month,marriage_year,,,,,,,
PARENTS_INPUT,INDIVIDUAL,FAMREC,wid,source_table,BIRTH_DATE,,,,Reported,,wbirth_day,wbirth_month,wbirth_year,,,,,,,
PARENTS_INPUT,INDIVIDUAL,FAMREC,wid,source_table,BIRTH_LOCATION,wbirthloc,,wbirthloc_id,Reported,,wbirth_day,wbirth_month,wbirth_year,,,,,,,
PARENTS_INPUT,INDIVIDUAL,FAMREC,wid,source_table,MARRIAGE_DATE,,,,Event,,marriage_day,marriage_month,marriage_year,,,,,,,
PARENTS_INPUT,INDIVIDUAL,FAMREC,wid,source_table,MARRIAGE_LOCATION,marrloc,,marrloc_id,Event,,marriage_day,marriage_month,marriage_year,,,,,,,
PARENTS_INPUT,INDIVIDUAL,FAMREC,wid,source_table,DEATH_DATE,,,,Event,,wdeath_day,wdeath_month,wdeath_year,,,,,,,
PARENTS_INPUT,INDIVIDUAL,FAMREC,wid,source_table,DEATH_LOCATION,wdeathloc,,wdeathloc_id,Event,,wdeath_day,wdeath_month,wdeath_year,,,,,,,
CHILDREN_INPUT,INDIVIDUAL,FAMREC,kidid,source_table,FIRST_NAME,name,,,Declared,,birth_day,birth_month,birth_year,,,,,,,
CHILDREN_INPUT,INDIVIDUAL,FAMREC,kidid,source_table,LAST_NAME,lastname,,,Declared,,birth_day,birth_month,birth_year,,,,,,,
CHILDREN_INPUT,INDIVIDUAL,FAMREC,kidid,source_table,BIRTH_DATE,,,,Event,,birth_day,birth_month,birth_year,,,,,,,
CHILDREN_INPUT,INDIVIDUAL,FAMREC,kidid,source_table,BIRTH_LOCATION,birthloc,,birthloc_id,Event,,birth_day,birth_month,birth_year,,,,,,,
PARENTS_INPUT,CONTEXT,FAMREC,parid,source_table,LEVEL,,Union,,Declared,,marriage_day,marriage_month,marriage_year,,,,,,,
PLACES_INPUT,CONTEXT,FAMREC,placeid,,LEVEL,level,,,,,,,,,,,,,,Time_Invariant
PLACES_INPUT,CONTEXT,FAMREC,placeid,,NAME,place,,,,,,,,,,,,,,Time_Invariant
