parid,hfirst,hlast,wfirst,wlast,hbirth,wbirth,marriage,hdeath,wdeath,hocc,wocc,hbirthloc,wbirthloc,marrloc,hdeathloc,wdeathloc,hid,wid,source_table,hbirth_day,hbirth_month,hbirth_year,wbirth_day,wbirth_month,wbirth_year,marriage_day,marriage_month,marriage_year,hdeath_day,hdeath_month,hdeath_year,wdeath_day,wdeath_month,wdeath_year,hbirthloc_id,wbirthloc_id,marrloc_id,hdeathloc_id,wdeathloc_id
1000,Franklin,Edwards,Nell,Kim,1760-03-28,1757-01-16,1786-03-27,1798-11-25,1810-09-21,Salesperson,Eye Doctor,Glassell,Boyle,Watts,Watts,Watts,10001,10002,PARENTS,28,3,1760,16,1,1757,27,3,1786,25,11,1798,21,9,1810,101,136,104,104,104
1001,Tristram,Hernandez,Marina,Kennedy,1752-08-02,1753-03-05,1778-05-24,1796-10-25,1817-05-23,Police,Banker,Chatsworth,Reynier,Tarzana,Arleta,Arleta,10011,10012,PARENTS,2,8,1752,5,3,1753,24,5,1778,25,10,1796,23,5,1817,102,138,128,107,107
1002,Bradford,Fisher,Cynthia,Vasquez,1744-02-04,1743-11-28,1759-06-27,1804-10-02,1822-03-24,Historian,Film,Westwood,Larchmont,Glassell,Glassell,Glassell,10021,10022,PARENTS,4,2,1744,28,11,1743,27,6,1759,2,10,1804,24,3,1822,103,145,101,101,101
1003,Oliver,Peterson,Antonia,Porter,1717-02-07,1714-08-14,1737-08-29,1806-09-08,1761-03-20,Designer,Maitre,Watts,Brookside,Montecito,Montecito,Montecito,10031,10032,PARENTS,7,2,1717,14,8,1714,29,8,1737,8,9,1806,20,3,1761,104,139,137,137,137
1004,Morgan,Lee,Adeline,Woods,1773-10-15,1773-11-24,1807-11-14,1819-10-07,1840-10-06,English,Science,Edendale,Cahuenga,Hollywood,Hollywood,Hollywood,10041,10042,PARENTS,15,10,1773,24,11,1773,14,11,1807,7,10,1819,6,10,1840,105,129,166,166,166
1005,Roscoe,Fisher,Tamara,Wilson,1796-01-20,1795-09-18,1821-01-01,1838-10-02,1879-11-15,Maitre,Mathematician,Northridge,Reseda,Gramercy,Gramercy,Gramercy,10051,10052,PARENTS,20,1,1796,18,9,1795,1,1,1821,2,10,1838,15,11,1879,106,124,169,169,169
1006,Merlin,Miller,Katherine,Foster,1732-07-02,1734-09-26,1749-05-12,1785-06-09,1764-04-29,Mathematician,Science,Arleta,Windsor,Watts,Watts,Watts,10061,10062,PARENTS,2,7,1732,26,9,1734,12,5,1749,9,6,1785,29,4,1764,107,147,104,104,104
1007,Benedict,Gonzalez,Gloria,Harrison,1786-09-20,1785-09-18,1808-03-20,1823-06-20,1815-07-03,Supervisor,Principal,Pacific,Highland,Watts,Watts,Watts,10071,10072,PARENTS,20,9,1786,18,9,1785,20,3,1808,20,6,1823,3,7,1815,108,134,104,104,104
1008,Kenneth,Warren,Annabel,Lee,1736-05-12,1732-06-20,1756-03-24,1808-01-14,1798-06-13,Office,Supervisor,Spaulding,Brentwood,Monterey,Monterey,Monterey,10081,10082,PARENTS,12,5,1736,20,6,1732,24,3,1756,14,1,1808,13,6,1798,109,155,120,120,120
1009,Roderic,Jackson,Stacy,Schmidt,1709-06-04,1708-09-25,1730-07-30,1736-04-15,1772-02-24,Builder,Maitre,Chatsworth,Jefferson,West,West,West,10091,10092,PARENTS,4,6,1709,25,9,1708,30,7,1730,15,4,1736,24,2,1772,102,156,113,113,113
1010,Adrian,Coleman,Sibyl,Harrison,1719-01-28,1722-10-27,1753-01-12,1765-09-11,1807-09-02,Salesperson,Doctor,Melrose,Windsor,Garvanza,Garvanza,Garvanza,10101,10102,PARENTS,28,1,1719,27,10,1722,12,1,1753,11,9,1765,2,9,1807,110,147,163,163,163
1011,Luther,Gonzalez,Cornelia,Russell,1706-02-09,1710-01-27,1741-04-22,1751-11-27,1769-10-16,Doctor,Banks,Sunset,Griffith,Sawtelle,Sawtelle,Sawtelle,10111,10112,PARENTS,9,2,1706,27,1,1710,22,4,1741,27,11,1751,16,10,1769,111,142,115,115,115
1012,Lionel,Holmes,Felicia,Gonzales,1769-10-07,1767-10-15,1797-02-27,1851-08-05,1824-02-03,School,Guard,Atwater,Northridge,Glassell,Glassell,Glassell,10121,10122,PARENTS,7,10,1769,15,10,1767,27,2,1797,5,8,1851,3,2,1824,112,106,101,101,101
1013,Tristram,Clark,Cornelia,Lopez,1722-09-18,1717-07-29,1743-08-14,1774-03-26,1777-04-17,Historian,Eye Doctor,West,Toluca,Faircrest,Faircrest,Faircrest,10131,10132,PARENTS,18,9,1722,29,7,1717,14,8,1743,26,3,1774,17,4,1777,113,118,126,126,126
1014,Emery,Wood,Dorothy,Wallace,1766-10-01,1767-06-15,1782-07-19,1841-10-22,1848-10-11,Construction,Judge,Palms,Arlington,Hollywood,Florence,Florence,10141,10142,PARENTS,1,10,1766,15,6,1767,19,7,1782,22,10,1841,11,10,1848,114,121,166,161,161
1015,Basil,Brown,Leona,Boyd,1730-07-01,1734-01-15,1760-04-25,1782-10-10,1818-05-16,Chef,Schoolteacher,Sawtelle,Toluca,Westdale,Westdale,Westdale,10151,10152,PARENTS,1,7,1730,15,1,1734,25,4,1760,10,10,1782,16,5,1818,115,118,149,149,149
1016,Carol,Hamilton,Charlotte,Miller,1776-01-16,1780-03-15,1805-07-07,1846-08-30,1856-02-15,Builder,Judge,Melrose,Valley,Lafayette,Lafayette,Lafayette,10161,10162,PARENTS,16,1,1776,15,3,1780,7,7,1805,30,8,1846,15,2,1856,110,157,151,151,151
1017,Adrian,Butler,Muriel,Ward,1784-08-19,1786-01-12,1807-09-17,1828-07-10,1841-09-19,Police,Musician,Chesterfield,Reseda,Tarzana,Tarzana,Tarzana,10171,10172,PARENTS,19,8,1784,12,1,1786,17,9,1807,10,7,1828,19,9,1841,116,124,128,128,128
1018,Garrett,Phillips,Katherine,Ross,1722-06-13,1724-06-07,1740-06-18,1790-03-09,1813-09-21,Seller,Sales,Westlake,Brentwood,Sunland,Sunland,Sunland,10181,10182,PARENTS,13,6,1722,7,6,1724,18,6,1740,9,3,1790,21,9,1813,117,155,160,160,160
1019,Dominic,Mendoza,Shauna,Wright,1782-01-03,1779-11-03,1802-02-09,1861-07-02,1819-09-20,Journalist,Welder,Pacific,Broadway,Arlington,Arlington,Arlington,10191,10192,PARENTS,3,1,1782,3,11,1779,9,2,1802,2,7,1861,20,9,1819,108,131,121,121,121
1020,Craig,Nguyen,Victoria,Russell,1735-06-29,1736-06-13,1764-09-13,1783-01-23,1797-05-25,Musician,Guard,Toluca,Encino,Leimert,Lafayette,Lafayette,10201,10202,PARENTS,29,6,1735,13,6,1736,13,9,1764,23,1,1783,25,5,1797,118,146,152,151,151
1021,Alonso,Kelly,Mona,Thomas,1729-01-11,1731-01-11,1752-02-02,1807-06-19,1780-08-07,Judge,Salesperson,Lincoln,Canoga,Spaulding,Spaulding,Spaulding,10211,10212,PARENTS,11,1,1729,11,1,1731,2,2,1752,19,6,1807,7,8,1780,119,122,109,109,109
1022,Karl,Peterson,Roxanne,West,1735-06-07,1731-05-24,1763-11-01,1793-04-19,1783-09-02,Historian,Eye Doctor,Monterey,Mandeville,Watts,Watts,Watts,10221,10222,PARENTS,7,6,1735,24,5,1731,1,11,1763,19,4,1793,2,9,1783,120,154,104,104,104
1023,Benedict,Stevens,Matilda,Garcia,1739-01-04,1740-09-24,1761-04-22,1807-11-15,1767-06-20,Film,Schoolteacher,Arlington,Carthay,Cahuenga,Cahuenga,Cahuenga,10231,10232,PARENTS,4,1,1739,24,9,1740,22,4,1761,15,11,1807,20,6,1767,121,158,129,129,129
1024,Percival,Ortiz,Molly,Jordan,1743-07-23,1743-11-22,1768-02-13,1792-01-20,1814-02-18,Eye Doctor,Film,Edendale,Windsor,Brookside,Brookside,Brookside,10241,10242,PARENTS,23,7,1743,22,11,1743,13,2,1768,20,1,1792,18,2,1814,105,147,139,139,139
1025,Ford,Powell,Anna,Fox,1797-01-20,1798-09-28,1818-09-18,1873-09-17,1868-09-15,Science,Banks,Canoga,Larchmont,Glassell,Glassell,Glassell,10251,10252,PARENTS,20,1,1797,28,9,1798,18,9,1818,17,9,1873,15,9,1868,122,145,101,101,101
1026,Victor,Robertson,Emma,Scott,1769-01-23,1771-05-14,1798-08-06,1811-04-10,1828-02-15,Judge,Principal,Watts,Lafayette,Pacific,Pacific,Pacific,10261,10262,PARENTS,23,1,1769,14,5,1771,6,8,1798,10,4,1811,15,2,1828,104,151,108,108,108
1027,Ron,Black,Shirley,Hill,1794-04-28,1797-03-19,1820-10-28,1854-05-07,1849-08-22,Historian,Judge,Sylmar,Brentwood,Windsor,Windsor,Windsor,10271,10272,PARENTS,28,4,1794,19,3,1797,28,10,1820,7,5,1854,22,8,1849,123,155,147,147,147
1028,Bernard,Porter,Eveline,Ford,1770-02-26,1769-02-10,1791-11-21,1834-01-28,1830-10-30,Office,English,Lincoln,Winnetka,Sylmar,Sylmar,Sylmar,10281,10282,PARENTS,26,2,1770,10,2,1769,21,11,1791,28,1,1834,30,10,1830,119,153,123,123,123
1029,Wilson,Reynolds,Harriet,Burns,1734-09-21,1730-09-14,1763-05-26,1809-09-02,1805-11-16,Art,Supervisor,Reseda,Westside,Sawtelle,Sawtelle,Sawtelle,10291,10292,PARENTS,21,9,1734,14,9,1730,26,5,1763,2,9,1809,16,11,1805,124,159,115,115,115
1030,Morgan,Snyder,Darlene,Ellis,1757-01-16,1761-11-16,1778-06-07,1839-09-16,1818-06-06,Restaurants,Science,Marina,Monterey,Pacoima,Pacoima,Pacoima,10301,10302,PARENTS,16,1,1757,16,11,1761,7,6,1778,16,9,1839,6,6,1818,125,120,140,140,140
1031,Malcolm,Castillo,Eunice,Carter,1740-03-09,1738-02-08,1760-08-15,1818-06-15,1785-08-22,General,Doctor,Faircrest,Brookside,Highland,Panorama,Panorama,10311,10312,PARENTS,9,3,1740,8,2,1738,15,8,1760,15,6,1818,22,8,1785,126,139,134,143,143
1032,Sean,Jenkins,Sonia,Torres,1726-03-04,1724-10-06,1740-11-05,1751-11-13,1794-01-27,Film,Cardiologist,Fairfax,Palms,Hollywood,Hollywood,Hollywood,10321,10322,PARENTS,4,3,1726,6,10,1724,5,11,1740,13,11,1751,27,1,1794,127,114,166,166,166
1033,Quincy,Walker,Eloise,Cook,1706-11-11,1709-09-02,1735-08-26,1779-01-27,1791-04-08,Office,Builder,Tarzana,Windsor,Toluca,Toluca,Toluca,10331,10332,PARENTS,11,11,1706,2,9,1709,26,8,1735,27,1,1779,8,4,1791,128,147,118,118,118
1034,Tracy,Porter,Frances,Holmes,1713-10-14,1708-06-11,1732-04-06,1775-05-18,1754-01-07,Schoolteacher,Journalist,Melrose,Cahuenga,Sunset,Sunset,Sunset,10341,10342,PARENTS,14,10,1713,11,6,1708,6,4,1732,18,5,1775,7,1,1754,110,129,111,111,111
1035,Eugene,Long,Ruth,Smith,1773-09-14,1773-02-10,1798-07-12,1839-11-18,1839-04-04,Supervisor,Schoolteacher,Glassell,Panorama,Jefferson,Jefferson,Jefferson,10351,10352,PARENTS,14,9,1773,10,2,1773,12,7,1798,18,11,1839,4,4,1839,101,143,156,156,156
1036,Shannon,Brooks,Abigail,Collins,1775-04-06,1776-06-02,1807-11-06,1839-01-28,1861-07-19,Historian,Artist,Chesterfield,Westchester,Sunland,Sunland,Sunland,10361,10362,PARENTS,6,4,1775,2,6,1776,6,11,1807,28,1,1839,19,7,1861,116,150,160,160,160
1037,Kelly,Nguyen,Ellen,Clark,1771-04-01,1767-06-22,1793-05-06,1798-11-09,1832-04-23,Art,Nurse,Pacific,Highland,Canoga,Canoga,Canoga,10371,10372,PARENTS,1,4,1771,22,6,1767,6,5,1793,9,11,1798,23,4,1832,108,134,122,122,122
1038,Harvey,Kelly,Roberta,Clark,1724-11-12,1721-07-17,1740-05-14,1769-09-13,1754-08-15,Guard,President,Faircrest,Atwater,Highland,Highland,Highland,10381,10382,PARENTS,12,11,1724,17,7,1721,14,5,1740,13,9,1769,15,8,1754,126,112,134,134,134
1039,Kelly,Sullivan,Aurora,Griffin,1778-11-09,1782-09-11,1804-07-15,1846-08-22,1820-07-25,Designer,Doctor,Cahuenga,Arlington,Garvanza,Garvanza,Garvanza,10391,10392,PARENTS,9,11,1778,11,9,1782,15,7,1804,22,8,1846,25,7,1820,129,121,163,163,163
1040,Lincoln,Henderson,Ernestine,Moreno,1730-04-22,1725-01-23,1759-04-17,1819-10-05,1778-07-21,President,Office,Tujunga,Sunland,Griffith,Griffith,Griffith,10401,10402,PARENTS,22,4,1730,23,1,1725,17,4,1759,5,10,1819,21,7,1778,130,160,142,142,142
1041,Corey,Murray,Melinda,Simpson,1729-08-09,1728-11-03,1746-05-13,1780-09-20,1763-02-09,Journalist,Writer,Reseda,Florence,Whitley,Whitley,Whitley,10411,10412,PARENTS,9,8,1729,3,11,1728,13,5,1746,20,9,1780,9,2,1763,124,161,135,135,135
1042,Brenton,Thompson,Emily,Vasquez,1780-09-08,1775-08-23,1793-08-28,1865-03-23,1820-05-09,Guard,Personnel,Watts,Watts,Montecito,Montecito,Montecito,10421,10422,PARENTS,8,9,1780,23,8,1775,28,8,1793,23,3,1865,9,5,1820,104,104,137,137,137
1043,Julian,Turner,Peggy,Hall,1767-09-15,1763-09-28,1788-10-06,1817-07-19,1817-03-03,Musician,Welder,Broadway,Westchester,Lafayette,Lafayette,Lafayette,10431,10432,PARENTS,15,9,1767,28,9,1763,6,10,1788,19,7,1817,3,3,1817,131,150,151,151,151
1044,Dominic,Gonzales,Virginia,Romero,1743-08-19,1739-05-19,1755-05-30,1797-02-24,1768-07-30,Sales,Science,Crenshaw,Pacoima,Canterbury,Canterbury,Canterbury,10441,10442,PARENTS,19,8,1743,19,5,1739,30,5,1755,24,2,1797,30,7,1768,132,140,170,170,170
1045,Leslie,Stone,Dell,Ford,1731-03-25,1735-01-26,1761-05-12,1775-02-11,1802-09-28,Supervisor,School,Arleta,Reynier,Winnetka,Winnetka,Winnetka,10451,10452,PARENTS,25,3,1731,26,1,1735,12,5,1761,11,2,1775,28,9,1802,107,138,153,153,153
1046,Joshua,Perry,Michelle,Hughes,1774-03-07,1777-01-15,1794-08-11,1824-09-11,1825-07-19,Director,Maitre,Westwood,Marina,Benedict,Benedict,Benedict,10461,10462,PARENTS,7,3,1774,15,1,1777,11,8,1794,11,9,1824,19,7,1825,103,125,133,133,133
1047,Montague,Collins,Martha,Burns,1781-01-06,1783-04-14,1803-03-04,1847-03-28,1818-01-02,Banks,General,Benedict,Laurel,Beachwood,Beachwood,Beachwood,10471,10472,PARENTS,6,1,1781,14,4,1783,4,3,1803,28,3,1847,2,1,1818,133,162,165,165,165
1048,Peter,Graham,Dolores,Hughes,1737-09-19,1737-03-08,1756-09-27,1816-04-06,1807-06-14,Musician,Principal,Broadway,Garvanza,Winnetka,Windsor,Windsor,10481,10482,PARENTS,19,9,1737,8,3,1737,27,9,1756,6,4,1816,14,6,1807,131,163,153,147,147
1049,Bartholomew,Hughes,Roxanne,Butler,1796-01-07,1797-05-06,1825-02-10,1865-05-10,1886-06-29,Medicine,Writer,Lincoln,Cahuenga,Whitley,Whitley,Whitley,10491,10492,PARENTS,7,1,1796,6,5,1797,10,2,1825,10,5,1865,29,6,1886,119,129,135,135,135
1050,Brady,Griffin,April,Powell,1712-05-13,1709-09-18,1728-09-08,1741-11-06,1770-05-27,Chef,Banker,Highland,Arleta,Hermon,Hermon,Benedict,10501,10502,PARENTS,13,5,1712,18,9,1709,8,9,1728,6,11,1741,27,5,1770,134,107,171,171,133
1051,Peter,Johnson,Jill,Fisher,1730-10-25,1729-03-11,1762-05-30,1771-10-29,1795-11-10,Medicine,Office,Whitley,Jefferson,Winnetka,Winnetka,Winnetka,10511,10512,PARENTS,25,10,1730,11,3,1729,30,5,1762,29,10,1771,10,11,1795,135,156,153,153,153
1052,Silas,Schmidt,Octavia,Morgan,1792-06-14,1794-02-19,1809-06-24,1867-10-12,1851-08-22,Banks,Judge,Monterey,Mandeville,Whitley,Whitley,Whitley,10521,10522,PARENTS,14,6,1792,19,2,1794,24,6,1809,12,10,1867,22,8,1851,120,154,135,135,135
1053,Bernard,Kelly,Phoebe,Kennedy,1746-01-08,1749-09-05,1764-07-16,1833-05-18,1800-11-22,Scientist,Historian,Sawtelle,Laurel,Mandeville,Mandeville,Mandeville,10531,10532,PARENTS,8,1,1746,5,9,1749,16,7,1764,18,5,1833,22,11,1800,115,162,154,154,154
1054,Zachary,Russell,Viola,Collins,1758-05-14,1761-03-09,1787-06-15,1835-07-22,1817-11-15,Science,Salesperson,Palms,Fairfax,Lafayette,Watts,Lafayette,10541,10542,PARENTS,14,5,1758,9,3,1761,15,6,1787,22,7,1835,15,11,1817,114,127,151,104,151
1055,Seymour,Gutierrez,Joanna,Jenkins,1747-02-05,1744-09-10,1768-11-21,1826-05-17,1780-08-14,Artist,General,Boyle,Westdale,Faircrest,Faircrest,Faircrest,10551,10552,PARENTS,5,2,1747,10,9,1744,21,11,1768,17,5,1826,14,8,1780,136,149,126,126,126
1056,Elton,Howard,Hope,Diaz,1745-03-22,1749-04-26,1783-11-11,1809-07-06,1838-10-15,Sales,Nurse,Arleta,Westwood,Garvanza,Franklin,Franklin,10561,10562,PARENTS,22,3,1745,26,4,1749,11,11,1783,6,7,1809,15,10,1838,107,103,163,172,172
1057,Elton,Perez,Ellen,Cook,1721-06-02,1721-09-12,1753-01-13,1770-10-03,1804-08-21,Artist,Writer,Montecito,Jefferson,Beachwood,Beachwood,Beachwood,10571,10572,PARENTS,2,6,1721,12,9,1721,13,1,1753,3,10,1770,21,8,1804,137,156,165,165,165
1058,Ignatius,Miller,Lily,Walker,1720-06-07,1718-11-26,1734-03-19,1795-06-19,1804-07-26,Engineer,Art,Monterey,Palms,Arlington,Arlington,Arlington,10581,10582,PARENTS,7,6,1720,26,11,1718,19,3,1734,19,6,1795,26,7,1804,120,114,121,121,121
1059,Doyle,James,Christine,Baker,1706-07-01,1703-07-23,1722-03-06,1738-08-24,1746-06-16,Cardiologist,Police,Westlake,Griffith,West,West,West,10591,10592,PARENTS,1,7,1706,23,7,1703,6,3,1722,24,8,1738,16,6,1746,117,142,113,113,113
1060,Randolph,Patel,Frederica,Burns,1780-07-28,1783-05-12,1802-03-13,1836-04-15,1819-07-12,Supervisor,Director,Reynier,Faircrest,Canterbury,Canterbury,Canterbury,10601,10602,PARENTS,28,7,1780,12,5,1783,13,3,1802,15,4,1836,12,7,1819,138,126,170,170,170
1061,Gerald,West,Molly,Harrison,1789-09-10,1792-11-22,1825-04-09,1831-11-14,1848-05-15,Police,Sales,Brookside,Baldwin,Montecito,Montecito,Montecito,10611,10612,PARENTS,10,9,1789,22,11,1792,9,4,1825,14,11,1831,15,5,1848,139,164,137,137,137
1062,Nelson,Harris,Hillary,Kim,1744-02-25,1741-04-20,1765-11-24,1806-11-03,1782-07-22,Police,Office,Lincoln,Pacific,Chesterfield,Chesterfield,Chesterfield,10621,10622,PARENTS,25,2,1744,20,4,1741,24,11,1765,3,11,1806,22,7,1782,119,108,116,116,116
1063,Sidney,Jones,Adeline,Young,1754-05-14,1751-10-13,1779-09-19,1805-04-07,1804-10-20,Law,Film,Brookside,Fairfax,Baldwin,Baldwin,Baldwin,10631,10632,PARENTS,14,5,1754,13,10,1751,19,9,1779,7,4,1805,20,10,1804,139,127,164,164,164
1064,Byron,Perez,Tanya,Marshall,1775-09-20,1772-08-27,1802-06-18,1818-08-05,1830-02-05,Principal,Restaurants,Pacoima,Pacoima,Tujunga,Tujunga,Tujunga,10641,10642,PARENTS,20,9,1775,27,8,1772,18,6,1802,5,8,1818,5,2,1830,140,140,130,130,130
1065,Kevin,Reyes,Alfreda,Campbell,1730-01-24,1726-02-24,1754-05-11,1803-09-01,1809-02-21,Schoolteacher,Engineer,Beverly,Arleta,Faircrest,Sunset,Sunset,10651,10652,PARENTS,24,1,1730,24,2,1726,11,5,1754,1,9,1803,21,2,1809,141,107,126,111,111
1066,Roman,Bailey,Marietta,Sanders,1757-06-18,1758-03-14,1782-05-11,1805-10-30,1821-04-09,Eye Doctor,Schoolteacher,Griffith,Winnetka,Whitley,Whitley,Whitley,10661,10662,PARENTS,18,6,1757,14,3,1758,11,5,1782,30,10,1805,9,4,1821,142,153,135,135,135
1067,Byron,Bailey,Rosaline,Wood,1700-02-15,1698-03-12,1731-04-14,1741-05-04,1787-03-06,Sales,Restaurants,Panorama,Beachwood,Sawtelle,Sawtelle,Sawtelle,10671,10672,PARENTS,15,2,1700,12,3,1698,14,4,1731,4,5,1741,6,3,1787,143,165,115,115,115
1068,Laurence,Gonzales,Nora,Cruz,1703-10-08,1700-03-10,1733-08-16,1780-05-01,1787-01-26,Engineer,Maitre,Granada,Glassell,Reseda,Reseda,Reseda,10681,10682,PARENTS,8,10,1703,10,3,1700,16,8,1733,1,5,1780,26,1,1787,144,101,124,124,124
1069,Orville,Snyder,Octavia,Williams,1758-07-27,1753-06-03,1771-02-25,1796-07-24,1832-08-12,Banks,Supervisor,Melrose,Palms,Windsor,Windsor,Windsor,10691,10692,PARENTS,27,7,1758,3,6,1753,25,2,1771,24,7,1796,12,8,1832,110,114,147,147,147
1070,Leslie,Kennedy,Charity,Morgan,1715-05-17,1713-06-08,1738-01-04,1783-08-24,1789-08-23,President,President,Beverly,Boyle,Granada,Granada,Granada,10701,10702,PARENTS,17,5,1715,8,6,1713,4,1,1738,24,8,1783,23,8,1789,141,136,144,144,144
1071,Kenneth,Rivera,Lucille,Simmons,1730-01-25,1725-07-14,1749-09-12,1813-04-18,1754-07-24,Sales,Law,Larchmont,Cahuenga,Lincoln,Lincoln,Lincoln,10711,10712,PARENTS,25,1,1730,14,7,1725,12,9,1749,18,4,1813,24,7,1754,145,129,119,119,119
1072,Kenneth,Russell,Nadine,Meyer,1757-03-09,1757-06-01,1775-08-10,1845-03-05,1792-10-16,Welder,Director,Panorama,Carthay,Larchmont,Larchmont,Larchmont,10721,10722,PARENTS,9,3,1757,1,6,1757,10,8,1775,5,3,1845,16,10,1792,143,158,145,145,145
1073,Everett,Henry,Sharon,Turner,1777-10-30,1776-02-08,1801-08-29,1847-02-10,1865-10-30,Police,Personnel,Encino,Hollywood,Cahuenga,Westlake,Westlake,10731,10732,PARENTS,30,10,1777,8,2,1776,29,8,1801,10,2,1847,30,10,1865,146,166,129,117,117
1074,Stephen,Foster,Minnie,Peterson,1703-01-01,1707-02-23,1733-06-11,1780-08-18,1792-07-07,President,Seller,Windsor,Boyle,Westchester,Westchester,Westchester,10741,10742,PARENTS,1,1,1703,23,2,1707,11,6,1733,18,8,1780,7,7,1792,147,136,150,150,150
1075,Luther,Harrison,Rosabel,Patterson,1778-11-11,1780-02-15,1803-04-16,1809-01-29,1855-09-06,Banks,Principal,Beverlywood,Jefferson,Beachwood,Beachwood,Arlington,10751,10752,PARENTS,11,11,1778,15,2,1780,16,4,1803,29,1,1809,6,9,1855,148,156,165,165,121
1076,Jacob,Kelly,Agnes,Rogers,1768-05-01,1772-07-24,1795-07-23,1839-06-27,1814-02-17,Artist,Builder,Pacoima,Brookside,Garvanza,Garvanza,Garvanza,10761,10762,PARENTS,1,5,1768,24,7,1772,23,7,1795,27,6,1839,17,2,1814,140,139,163,163,163
1077,Joseph,James,Clemency,Gutierrez,1780-10-29,1780-09-08,1805-02-19,1817-10-16,1854-02-07,School,Principal,Westdale,Garvanza,Arlington,Arlington,Arlington,10771,10772,PARENTS,29,10,1780,8,9,1780,19,2,1805,16,10,1817,7,2,1854,149,163,121,121,121
1078,John,Reyes,Josephine,Taylor,1761-11-18,1759-05-22,1786-04-26,1810-08-26,1817-01-19,Banker,Film,Encino,Palms,Highland,Highland,Highland,10781,10782,PARENTS,18,11,1761,22,5,1759,26,4,1786,26,8,1810,19,1,1817,146,114,134,134,134
1079,Vernon,Garcia,Dominique,Castillo,1733-11-22,1728-02-04,1752-08-21,1766-08-09,1781-09-22,Cardiologist,Musician,Highland,Florence,Franklin,Tarzana,Tarzana,10791,10792,PARENTS,22,11,1733,4,2,1728,21,8,1752,9,8,1766,22,9,1781,134,161,172,128,128
1080,Clement,Smith,Doreen,Martinez,1759-04-20,1756-08-03,1784-11-26,1819-04-18,1815-06-18,Art,Cardiologist,Westchester,Whitley,Lafayette,Panorama,Panorama,10801,10802,PARENTS,20,4,1759,3,8,1756,26,11,1784,18,4,1819,18,6,1815,150,135,151,143,143
1081,Leopold,Barnes,Arlene,Meyer,1720-07-26,1718-01-01,1740-01-26,1747-08-04,1789-11-13,Management,Art,Crenshaw,Brentwood,Crestwood,Crestwood,Crestwood,10811,10812,PARENTS,26,7,1720,1,1,1718,26,1,1740,4,8,1747,13,11,1789,132,155,168,168,168
1082,Morgan,Harrison,Pansy,Rose,1731-06-16,1726-04-26,1750-05-01,1766-10-13,1773-01-17,Restaurants,Personnel,Lafayette,Florence,Franklin,Franklin,Franklin,10821,10822,PARENTS,16,6,1731,26,4,1726,1,5,1750,13,10,1766,17,1,1773,151,161,172,172,172
1083,Everard,Carter,Camille,Davis,1796-10-17,1799-02-14,1818-02-26,1880-05-15,1854-11-13,Schoolteacher,Management,Westchester,Lafayette,Northridge,Northridge,Northridge,10831,10832,PARENTS,17,10,1796,14,2,1799,26,2,1818,15,5,1880,13,11,1854,150,151,106,106,106
1084,Lynn,Gray,Morgan,Taylor,1776-11-14,1780-07-18,1809-06-05,1850-11-10,1864-10-21,Banks,Art,Lincoln,Laurel,Reseda,Toluca,Toluca,10841,10842,PARENTS,14,11,1776,18,7,1780,5,6,1809,10,11,1850,21,10,1864,119,162,124,118,118
1085,Tobias,Cook,Roseanna,Woods,1779-05-10,1776-04-06,1795-09-09,1815-03-18,1857-06-07,Writer,Scientist,Pacific,Melrose,Watts,Westdale,Westdale,10851,10852,PARENTS,10,5,1779,6,4,1776,9,9,1795,18,3,1815,7,6,1857,108,110,104,149,149
1086,Vernon,Burns,Susan,Ramirez,1752-04-03,1754-04-04,1773-05-09,1802-04-27,1785-04-27,Medicine,Restaurants,Lafayette,Winnetka,Brentwood,Brentwood,Brentwood,10861,10862,PARENTS,3,4,1752,4,4,1754,9,5,1773,27,4,1802,27,4,1785,151,153,155,155,155
1087,Merlin,Chavez,April,Thompson,1783-02-10,1781-02-12,1810-11-13,1872-04-12,1841-01-26,Doctor,Salesperson,Leimert,Crenshaw,Encino,Encino,Encino,10871,10872,PARENTS,10,2,1783,12,2,1781,13,11,1810,12,4,1872,26,1,1841,152,132,146,146,146
1088,Casey,Butler,Melanie,Richardson,1722-11-19,1719-09-14,1738-11-11,1767-10-30,1808-04-24,Supervisor,Seller,Tujunga,Westchester,Beverly,Beverly,Beverly,10881,10882,PARENTS,19,11,1722,14,9,1719,11,11,1738,30,10,1767,24,4,1808,130,150,141,141,141
1089,Albert,Gonzalez,Sharon,Wagner,1736-01-18,1739-11-21,1766-11-06,1808-01-20,1801-07-03,Musician,Doctor,Winnetka,Canoga,Spaulding,Spaulding,Spaulding,10891,10892,PARENTS,18,1,1736,21,11,1739,6,11,1766,20,1,1808,3,7,1801,153,122,109,109,109
1090,Herbert,Johnson,Iris,Cook,1745-05-25,1746-01-06,1766-11-16,1787-03-30,1781-09-25,Historian,Designer,Lafayette,Cypress,Brookside,Brookside,Brookside,10901,10902,PARENTS,25,5,1745,6,1,1746,16,11,1766,30,3,1787,25,9,1781,151,167,139,139,139
1091,Wiley,Ford,Mary,Fox,1716-08-08,1712-07-06,1745-04-09,1756-10-03,1781-05-25,Writer,Banker,Palms,Larchmont,Mandeville,Mandeville,Mandeville,10911,10912,PARENTS,8,8,1716,6,7,1712,9,4,1745,3,10,1756,25,5,1781,114,145,154,154,154
1092,Archibald,Robinson,Lisa,Mendoza,1772-05-21,1770-09-20,1798-10-01,1846-01-17,1818-06-24,Doctor,Police,Cahuenga,Faircrest,Pacific,Pacific,Pacific,10921,10922,PARENTS,21,5,1772,20,9,1770,1,10,1798,17,1,1846,24,6,1818,129,126,108,108,108
1093,Derek,Davis,Prudence,Bailey,1763-11-09,1760-03-03,1782-11-26,1840-06-29,1830-05-08,Writer,General,Canoga,Westwood,Arleta,Arleta,Arleta,10931,10932,PARENTS,9,11,1763,3,3,1760,26,11,1782,29,6,1840,8,5,1830,122,103,107,107,107
1094,Baldwin,Rogers,Hannah,Kim,1797-08-05,1796-10-01,1818-08-27,1823-03-02,1837-04-02,Sales,Builder,Boyle,Florence,Monterey,Monterey,Monterey,10941,10942,PARENTS,5,8,1797,1,10,1796,27,8,1818,2,3,1823,2,4,1837,136,161,120,120,120
1095,Michael,Rivera,Ruth,Williams,1793-07-14,1792-05-14,1814-01-07,1875-08-28,1841-01-22,Journalist,Welder,Mandeville,Cypress,Crestwood,Crestwood,Crestwood,10951,10952,PARENTS,14,7,1793,14,5,1792,7,1,1814,28,8,1875,22,1,1841,154,167,168,168,168
1096,Michael,Allen,Francine,Stone,1754-04-17,1756-01-09,1777-07-17,1795-06-27,1824-04-16,Builder,Welder,Reseda,Carthay,Broadway,Broadway,Broadway,10961,10962,PARENTS,17,4,1754,9,1,1756,17,7,1777,27,6,1795,16,4,1824,124,158,131,131,131
1097,Cedric,Patel,Pansy,Watson,1768-05-04,1769-05-02,1795-07-10,1853-09-13,1800-04-28,Seller,School,Westdale,Chatsworth,Florence,Florence,Florence,10971,10972,PARENTS,4,5,1768,2,5,1769,10,7,1795,13,9,1853,28,4,1800,149,102,161,161,161
1098,Andrew,Stewart,Marina,Smith,1740-10-02,1736-06-08,1753-05-05,1762-11-15,1797-09-27,Sales,Banker,Cahuenga,Crestwood,Carthay,Carthay,Carthay,10981,10982,PARENTS,2,10,1740,8,6,1736,5,5,1753,15,11,1762,27,9,1797,129,168,158,158,158
1099,Karl,Harris,Bertha,Black,1708-03-09,1705-08-06,1734-09-10,1770-08-28,1776-03-19,Musician,Journalist,Pacoima,Laurel,Boyle,Boyle,Boyle,10991,10992,PARENTS,9,3,1708,6,8,1705,10,9,1734,28,8,1770,19,3,1776,140,162,136,136,136
