place,placeid,level,nested_in,relvar
Los Angeles,100,Muncipality,1,Muncipality and State
California,1,State,,
Glassell,101,Neighborhood,100,Neighborhood and Muncipality
Chatsworth,102,Neighborhood,100,Neighborhood and Muncipality
Westwood,103,Neighborhood,100,Neighborhood and Muncipality
Watts,104,Neighborhood,100,Neighborhood and Muncipality
Edendale,105,Neighborhood,100,Neighborhood and Muncipality
Northridge,106,Neighborhood,100,Neighborhood and Muncipality
Arleta,107,Neighborhood,100,Neighborhood and Muncipality
Pacific,108,Neighborhood,100,Neighborhood and Muncipality
Spaulding,109,Neighborhood,100,Neighborhood and Muncipality
Melrose,110,Neighborhood,100,Neighborhood and Muncipality
Sunset,111,Neighborhood,100,Neighborhood and Muncipality
Atwater,112,Neighborhood,100,Neighborhood and Muncipality
West,113,Neighborhood,100,Neighborhood and Muncipality
Palms,114,Neighborhood,100,Neighborhood and Muncipality
Sawtelle,115,Neighborhood,100,Neighborhood and Muncipality
Chesterfield,116,Neighborhood,100,Neighborhood and Muncipality
Westlake,117,Neighborhood,100,Neighborhood and Muncipality
Toluca,118,Neighborhood,100,Neighborhood and Muncipality
Lincoln,119,Neighborhood,100,Neighborhood and Muncipality
Monterey,120,Neighborhood,100,Neighborhood and Muncipality
Arlington,121,Neighborhood,100,Neighborhood and Muncipality
Canoga,122,Neighborhood,100,Neighborhood and Muncipality
Sylmar,123,Neighborhood,100,Neighborhood and Muncipality
Reseda,124,Neighborhood,100,Neighborhood and Muncipality
Marina,125,Neighborhood,100,Neighborhood and Muncipality
Faircrest,126,Neighborhood,100,Neighborhood and Muncipality
Fairfax,127,Neighborhood,100,Neighborhood and Muncipality
Tarzana,128,Neighborhood,100,Neighborhood and Muncipality
Cahuenga,129,Neighborhood,100,Neighborhood and Muncipality
Tujunga,130,Neighborhood,100,Neighborhood and Muncipality
Broadway,131,Neighborhood,100,Neighborhood and Muncipality
Crenshaw,132,Neighborhood,100,Neighborhood and Muncipality
Benedict,133,Neighborhood,100,Neighborhood and Muncipality
Highland,134,Neighborhood,100,Neighborhood and Muncipality
Whitley,135,Neighborhood,100,Neighborhood and Muncipality
Boyle,136,Neighborhood,100,Neighborhood and Muncipality
Montecito,137,Neighborhood,100,Neighborhood and Muncipality
Reynier,138,Neighborhood,100,Neighborhood and Muncipality
Brookside,139,Neighborhood,100,Neighborhood and Muncipality
Pacoima,140,Neighborhood,100,Neighborhood and Muncipality
Beverly,141,Neighborhood,100,Neighborhood and Muncipality
Griffith,142,Neighborhood,100,Neighborhood and Muncipality
Panorama,143,Neighborhood,100,Neighborhood and Muncipality
Granada,144,Neighborhood,100,Neighborhood and Muncipality
Larchmont,145,Neighborhood,100,Neighborhood and Muncipality
Encino,146,Neighborhood,100,Neighborhood and Muncipality
Windsor,147,Neighborhood,100,Neighborhood and Muncipality
Beverlywood,148,Neighborhood,100,Neighborhood and Muncipality
Westdale,149,Neighborhood,100,Neighborhood and Muncipality
Westchester,150,Neighborhood,100,Neighborhood and Muncipality
Lafayette,151,Neighborhood,100,Neighborhood and Muncipality
Leimert,152,Neighborhood,100,Neighborhood and Muncipality
Winnetka,153,Neighborhood,100,Neighborhood and Muncipality
Mandeville,154,Neighborhood,100,Neighborhood and Muncipality
Brentwood,155,Neighborhood,100,Neighborhood and Muncipality
Jefferson,156,Neighborhood,100,Neighborhood and Muncipality
Valley,157,Neighborhood,100,Neighborhood and Muncipality
Carthay,158,Neighborhood,100,Neighborhood and Muncipality
Westside,159,Neighborhood,100,Neighborhood and Muncipality
Sunland,160,Neighborhood,100,Neighborhood and Muncipality
Florence,161,Neighborhood,100,Neighborhood and Muncipality
Laurel,162,Neighborhood,100,Neighborhood and Muncipality
Garvanza,163,Neighborhood,100,Neighborhood and Muncipality
Baldwin,164,Neighborhood,100,Neighborhood and Muncipality
Beachwood,165,Neighborhood,100,Neighborhood and Muncipality
Hollywood,166,Neighborhood,100,Neighborhood and Muncipality
Cypress,167,Neighborhood,100,Neighborhood and Muncipality
Crestwood,168,Neighborhood,100,Neighborhood and Muncipality
Gramercy,169,Neighborhood,100,Neighborhood and Muncipality
Canterbury,170,Neighborhood,100,Neighborhood and Muncipality
Hermon,171,Neighborhood,100,Neighborhood and Muncipality
Franklin,172,Neighborhood,100,Neighborhood and Muncipality
