Tablename,Relationshiptype,DatabaseID,FromentityID,ToentityID,Source,Relation,Relationvariable,Datetype,dateEstimationType,Day,Month,Year,Startday,Startmonth,Startyear,Endday,Endmonth,Endyear,dateMissingType
PARENTS_INPUT,INDIV_INDIV,FAMREC,hid,wid,source_table,Husband,,Declared,,marriage_day,marriage_month,marriage_year,,,,,,,
PARENTS_INPUT,INDIV_INDIV,FAMREC,wid,hid,source_table,Wife,,Declared,,marriage_day,marriage_month,marriage_year,,,,,,,
CHILDREN_INPUT,INDIV_INDIV,FAMREC,dadid,kidid,source_table,Father,,Declared,,,,,,,,,,,Time_Invariant
CHILDREN_INPUT,INDIV_INDIV,FAMREC,kidid,dadid,source_table,Child,,Declared,,,,,,,,,,,Time_Invariant
CHILDREN_INPUT,INDIV_INDIV,FAMREC,momid,kidid,source_table,Mother,,Declared,,,,,,,,,,,Time_Invariant
CHILDREN_INPUT,INDIV_INDIV,FAMREC,kidid,momid,source_table,Child,,Declared,,,,,,,,,,,Time_Invariant
PARENTS_INPUT,INDIV_CONTEXT,FAMREC,hid,parid,source_table,Husband,,Declared,,marriage_day,marriage_month,marriage_year,,,,,,,
PARENTS_INPUT,INDIV_CONTEXT,FAMREC,wid,parid,source_table,Wife,,Declared,,marriage_day,marriage_month,marriage_year,,,,,,,
CHILDREN_INPUT,INDIV_CONTEXT,FAMREC,kidid,parid,source_table,Child,,Declared,,birth_day,birth_month,birth_year,,,,,,,
PLACES_INPUT,CONTEXT_CONTEXT,FAMREC,placeid,nested_in,,,relvar,,,,,,,,,,,,Time_Invariant
PARENTS_INPUT,CONTEXT_CONTEXT,FAMREC,parid,marrloc_id,source_table,Union and Neighborhood,,Declared,,marriage_day,marriage_month,marriage_year,,,,,,,
PARENTS_INPUT,CONTEXT_CONTEXT,FAMREC,parid,hdeathloc_id,source_table,Union and Neighborhood,,Declared,,hdeath_day,hdeath_month,hdeath_year,,,,,,,
PARENTS_INPUT,CONTEXT_CONTEXT,FAMREC,parid,wdeathloc_id,source_table,Union and Neighborhood,,Declared,,wdeath_day,wdeath_month,wdeath_year,,,,,,,
CHILDREN_INPUT,CONTEXT_CONTEXT,FAMREC,parid,birthloc_id,source_table,Union and Neighborhood,,Declared,,birth_day,birth_month,birth_year,,,,,,,
